product_id,sku,product_name,category,category_id,seller_id,unit_price,stock_qty,created_at
PROD-000001,SKU-000001,Engine Oil 5W-30 5L,Automotive Parts,CAT-08,SELLER-0020,570.00,191,2023-01-29
PROD-000002,SKU-000002,Face Mask Sheet Pack,Beauty & Personal Care,CAT-04,SELLER-0013,56.00,463,2023-07-02
PROD-000003,SKU-000003,USB-C Fast Charger 65W,Electronics,CAT-01,SELLER-0082,574.00,-1,2023-07-18
PROD-000004,SKU-000004,Brake Pads Front Set,Automotive Parts,CAT-08,SELLER_0132,649.00,440,2024-07-23
PROD-000005,SKU-000005,Air Filter K&N,Automotive Parts,CAT-08,SELLER-0069,549.00,411,2023-07-10
PROD-000006,SKU-000006,"Wiper Blades 22""",Automotive Parts,CAT-08,SELLER-0164,275.00,281,2025-10-16
PROD-000007,SKU-000007,Smartphone Pro Max,Electronics,CAT-01,SELLER-0138,915.00,455,2024-02-25
PROD-000008,SKU-000008,Denim Jeans Slim,Fashion,CAT-02,SELLER-0074,52.00,418,2024-04-02
PROD-000009,SKU-000009,Where the Crawdads Sing,Books,CAT-05,SELLER-0169,53.00,472,2024-10-07
PROD-000010,SKU-000006,Engine Oil 5W-30 5L,Automotive Parts,CAT-08,SELLER_0101,191.00,249,2025-05-20
PROD-000011,SKU-000011,Soccer Ball FIFA Approved,Sports & Outdoors,CAT-07,SELLER-0087,362.00,234,2026-04-28
PROD-000012,SKU-000009,Leather Jacket Slim Fit,Fashion,CAT-02,SELLER-0197,50.00,489,2023-01-22
PROD-000013,SKU-000013,The Pragmatic Programmer,Books,CAT-05,SELLER-0112,35.00,56,2024-11-16
PROD-000014,SKU-000014,Brake Pads Front Set,Automotive Parts,CAT-08,SELLER-0136,587.00,253,2025-12-06
PROD-000015,SKU-000015,Hair Straightener Ceramic,Beauty & Personal Care,CAT-04,SELLER-0022,80.00,207,2025-04-07
PROD-000016,SKU-000016,Electric Toothbrush Sonic,Beauty & Personal Care,CAT-04,SELLER_0101,80.00,483,2024-10-27
PROD-000017,SKU-000017,Leather Jacket Slim Fit,Fashion,CAT-02,SELLER-0141,-22.00,313,2026-02-03
PROD-000018,SKU-000018,Beard Trimmer Cordless,Beauty & Personal Care,CAT-04,SELLER-0180,47.00,107,2024-10-30
PROD-000019,SKU-000019,Leather Jacket Slim Fit,Fashion,CAT-02,SELLER_0187,29.00,149,2025-12-04
PROD-000020,SKU-000020,Hiking Backpack 65L,Sports & Outdoors,CAT-07,SELLER-0141,350.00,436,2024-04-14
PROD-000021,SKU-000021,Car Battery 12V 70Ah,Automotive Parts,CAT-08,SELLER-0105,585.00,194,2025-10-14
PROD-000022,SKU-000022,Canvas Backpack 25L,Fashion,CAT-02,SELLER-0070,95.00,336,2025-10-06
PROD-000023,SKU-000023,The Pragmatic Programmer,Books,CAT-05,SELLER-0018,15.00,88,2023-11-25
PROD-000024,SKU-000024,Nail Polish Long-Lasting Set,Beauty & Personal Care,CAT-04,SELLER-0195,81.00,140,2025-11-17
PROD-000025,SKU-000025,LED Headlight Bulb H7,Automotive Parts,CAT-08,SELLER-0095,495.00,355,2024-07-28
PROD-000026,SKU-000026,Atomic Habits,Books,CAT-05,SELLER-0046,5.00,61,2025-05-14
PROD-000027,SKU-000027,Sport Watch Stainless,Fashion,CAT-02,SELLER-0151,78.00,102,2025-04-14
PROD-000028,SKU-000028,Massage Gun Percussion,Health & Wellness,CAT-09,SELLER-0145,105.00,324,2024-04-30
PROD-000029,SKU-000029,Sport Watch Stainless,Fashion,CAT-02,SELLER-0119,178.00,288,2023-04-28
PROD-000030,SKU-000030,Stainless Steel Cookware Set,Home & Kitchen,CAT-03,SELLER-0177,203.00,341,2024-02-04
PROD-000031,SKU-000031,Drone Mini with Camera,Toys & Games,CAT-06,SELLER-0075,83.00,169,2023-11-24
PROD-000032,SKU-000032,Rubiks Cube 3x3,Toys & Games,CAT-06,SELLER-0176,61.00,328,2023-10-05
PROD-000033,SKU-000033,Portable SSD 1TB,Electronics,CAT-01,SELLER-0081,472.00,475,2023-06-22
PROD-000034,SKU-000034,Cotton T-Shirt Unisex,Fashion,CAT-02,SELLER-0001,147.00,407,2023-07-08
PROD-000035,SKU-000035,Spark Plug Iridium Set,Automotive Parts,CAT-08,SELLER-0161,431.00,151,2024-03-16
PROD-000036,SKU-000036,Hiking Backpack 65L,Sports & Outdoors,CAT-07,SELLER-0047,132.00,143,2023-06-25
PROD-000037,SKU-000037,Pre-Workout Energy 30 servings,Health & Wellness,CAT-09,SELLER-0007,20.00,321,2023-10-27
PROD-000038,SKU-000038,Resistance Band Set,Sports & Outdoors,CAT-07,SELLER-0045,144.00,373,2025-05-16
PROD-000039,SKU-000039,Resistance Band Set,Sports & Outdoors,CAT-07,SELLER-0159,450.00,253,2025-02-25
PROD-000040,SKU-000040,Omega-3 Fish Oil 1000mg,Health & Wellness,CAT-09,SELLER-0082,106.00,383,2023-05-22
PROD-000041,SKU-000039,Portable SSD 1TB,Electronics,CAT-01,SELLER-0064,1105.00,355,2023-06-30
PROD-000042,SKU-000042,Vitamin C Serum 30ml,Beauty & Personal Care,CAT-04,SELLER-0097,19.00,352,2024-05-04
PROD-000043,SKU-000043,Spark Plug Iridium Set,Automotive Parts,CAT-08,SELLER-0104,799.00,171,2024-04-04
PROD-000044,SKU-000044,Hair Dryer Ionic 1875W,Beauty & Personal Care,CAT-04,SELLER-0091,49.00,107,2025-08-25
PROD-000045,SKU-000045,Rubiks Cube 3x3,Toys & Games,CAT-06,SELLER-0079,92.00,51,2024-11-17
PROD-000046,SKU-000046,Tire Pressure Monitor,Automotive Parts,CAT-08,SELLER-9999,318.00,462,2023-09-08
PROD-000047,SKU-000047,Wi-Fi 6 Router AX3000,Electronics,CAT-01,SELLER-0030,508.00,11,2024-09-28
PROD-000048,SKU-000048,Educational Tablet Kids,Toys & Games,CAT-06,SELLER_0027,98.00,157,2024-06-19
PROD-000049,SKU-000049,Dash Cam 1440p,Automotive Parts,CAT-08,SELLER-0176,422.00,174,2024-10-20
PROD-000050,SKU-000050,Smart Scale Bluetooth,Health & Wellness,CAT-09,SELLER-0191,87.00,141,2023-10-16
PROD-000051,SKU-000051,Electric Toothbrush Sonic,Beauty & Personal Care,CAT-04,SELLER-0100,17.00,3,2023-07-05
PROD-000052,SKU-000052,Foam Roller High-Density,Health & Wellness,CAT-09,SELLER-0024,84.00,334,2023-09-06
PROD-000053,SKU-000053,"Mountain Bike 27.5""",Sports & Outdoors,CAT-07,SELLER-0024,81.00,312,2024-08-28
PROD-000054,SKU-000052,Engine Oil 5W-30 5L,Automotive Parts,CAT-08,SELLER-0091,19.00,24,2024-01-26
PROD-000055,SKU-000055,USB-C Fast Charger 65W,Electronics,CAT-01,SELLER-0173,231.00,365,2025-11-19
PROD-000056,SKU-000056,"Wiper Blades 22""",Automotive Parts,CAT-08,SELLER-0057,429.00,420,2023-06-08
PROD-000057,SKU-000053,Hair Dryer Ionic 1875W,Beauty & Personal Care,CAT-04,SELLER-0174,34.00,69,2025-10-12
PROD-000058,SKU-000058,Canvas Backpack 25L,Fashion,CAT-02,SELLER-0023,40.00,490,2024-10-06
PROD-000059,SKU-000059,Camping Tent 4-Person,Sports & Outdoors,CAT-07,SELLER-0013,448.00,37,2023-12-29
PROD-000060,SKU-000060,Polarized Sunglasses,Fashion,CAT-02,SELLER-0001,198.00,455,2026-04-26
PROD-000061,SKU-000061,"Thinking, Fast and Slow",Books,CAT-05,SELLER-0198,21.00,280,2023-02-12
PROD-000062,SKU-000062,Cycling Helmet MIPS,Sports & Outdoors,CAT-07,SELLER-0128,260.00,73,2025-12-13
PROD-000063,SKU-000063,Hiking Backpack 65L,Sports & Outdoors,CAT-07,SELLER-0021,173.00,334,2024-05-28
PROD-000064,SKU-000064,Smart Watch Fitness Tracker,Electronics,CAT-01,SELLER-0180,1006.00,62,2025-01-29
PROD-000065,SKU-000065,Bamboo Cutting Board,Home & Kitchen,CAT-03,SELLER-0081,116.00,-1,2024-08-01
PROD-000066,SKU-000065,Air Filter K&N,Automotive Parts,CAT-08,SELLER-0178,82.00,303,2025-06-10
PROD-000067,SKU-000067,Electric Toothbrush Sonic,Beauty & Personal Care,CAT-04,SELLER-0064,51.00,400,2023-09-05
PROD-000068,SKU-000068,Zero to One,Books,CAT-05,SELLER_0101,16.00,97,2025-02-08
PROD-000069,SKU-000069,Action Camera 4K,Electronics,CAT-01,SELLER-0020,935.00,81,2024-02-15
PROD-000070,SKU-000070,Action Figure Collectible,Toys & Games,CAT-06,SELLER_0132,149.00,376,2024-03-30
PROD-000071,SKU-000071,Fishing Rod Combo,Sports & Outdoors,CAT-07,SELLER-0005,563.00,230,2025-07-16
PROD-000072,SKU-000072,Yoga Mat 6mm Non-Slip,Sports & Outdoors,CAT-07,SELLER-0121,357.00,98,2025-05-16
PROD-000073,SKU-000073,Foam Roller High-Density,Health & Wellness,CAT-09,SELLER-0031,27.00,378,2026-01-31
PROD-000074,SKU-000074,Denim Jeans Slim,Fashion,CAT-02,SELLER-0191,28.00,282,2023-10-28
PROD-000075,SKU-000075,Yoga Mat 6mm Non-Slip,Sports & Outdoors,CAT-07,SELLER-0124,528.00,84,2023-06-07
PROD-000076,SKU-000076,Fishing Rod Combo,Sports & Outdoors,CAT-07,SELLER-0169,180.00,269,2023-07-01
PROD-000077,SKU-000077,Wool Pullover Sweater,Fashion,CAT-02,SELLER-0121,204.00,468,2023-06-18
PROD-000078,SKU-000078,Yoga Mat 6mm Non-Slip,Sports & Outdoors,CAT-07,SELLER-0076,72.00,335,2023-05-25
PROD-000079,SKU-000076,Tire Pressure Monitor,Automotive Parts,CAT-08,SELLER-0136,793.00,427,2025-03-02
PROD-000080,SKU-000080,"Wiper Blades 22""",Automotive Parts,CAT-08,SELLER-0082,492.00,30,2024-06-24
PROD-000081,SKU-000081,Massage Gun Percussion,Health & Wellness,CAT-09,SELLER-0136,77.00,61,2023-02-18
PROD-000082,SKU-000079,Smart Scale Bluetooth,Health & Wellness,CAT-09,SELLER-0034,37.00,74,2025-04-17
PROD-000083,SKU-000083,Tire Pressure Monitor,Automotive Parts,CAT-08,SELLER-0082,621.00,324,2023-04-30
PROD-000084,SKU-000084,Stand Mixer 5-Quart,Home & Kitchen,CAT-03,SELLER-0193,108.00,315,2023-10-03
PROD-000085,SKU-000085,Remote Control Car 4WD,Toys & Games,CAT-06,SELLER-0169,15.00,160,2024-05-09
PROD-000086,SKU-000086,Yoga Block Cork,Health & Wellness,CAT-09,SELLER-0151,40.00,121,2025-01-18
PROD-000087,SKU-000087,Wool Pullover Sweater,Fashion,CAT-02,SELLER-0123,63.00,415,2024-03-11
PROD-000088,SKU-000088,Camping Tent 4-Person,Sports & Outdoors,CAT-07,SELLER-0081,184.00,38,2025-10-24
PROD-000089,SKU-000089,Educational Tablet Kids,Toys & Games,CAT-06,SELLER-0071,149.00,66,2024-02-11
PROD-000090,SKU-000090,Air Filter K&N,Automotive Parts,CAT-08,SELLER-0163,746.00,312,2023-07-23
PROD-000091,SKU-000091,Smartphone Pro Max,Electronics,CAT-01,SELLER-9999,854.00,484,2023-03-01
PROD-000092,SKU-000092,Sport Watch Stainless,Fashion,CAT-02,SELLER-0180,230.00,391,2023-12-03
PROD-000093,SKU-000093,Remote Control Car 4WD,Toys & Games,CAT-06,SELLER-0100,26.00,455,2023-10-25
PROD-000094,SKU-000094,"Curling Iron 1.25""",Beauty & Personal Care,CAT-04,SELLER-0134,46.00,393,2025-05-21
PROD-000095,SKU-000092,Wool Pullover Sweater,Fashion,CAT-02,SELLER-0036,218.00,104,2024-05-25
PROD-000096,SKU-000096,Stand Mixer 5-Quart,Home & Kitchen,CAT-03,SELLER-0006,121.00,140,2023-03-05
PROD-000097,SKU-000097,Probiotic 50 billion CFU,Health & Wellness,CAT-09,SELLER-0040,35.00,28,2024-12-09
PROD-000098,SKU-000098,Sapiens: A Brief History,Books,CAT-05,SELLER-0023,12.00,165,2024-05-19
PROD-000099,SKU-000099,Monopoly Classic Edition,Toys & Games,CAT-06,SELLER-0184,113.00,334,2024-11-07
PROD-000100,SKU-000100,Polarized Sunglasses,Fashion,CAT-02,SELLER-0193,118.00,445,2025-10-26
PROD-000101,SKU-000101,Pre-Workout Energy 30 servings,Health & Wellness,CAT-09,SELLER-0197,83.00,8,2026-03-09
PROD-000102,SKU-000101,Espresso Machine 15-bar,Home & Kitchen,CAT-03,SELLER-0150,239.00,56,2024-01-25
PROD-000103,SKU-000101,Spark Plug Iridium Set,Automotive Parts,CAT-08,SELLER-0106,778.00,68,2024-05-19
PROD-000104,SKU-000104,Stand Mixer 5-Quart,Home & Kitchen,CAT-03,SELLER-0021,239.00,375,2024-06-16
PROD-000105,SKU-000105,Wool Pullover Sweater,Fashion,CAT-02,SELLER-0060,167.00,489,2025-10-21
PROD-000106,SKU-000106,Pre-Workout Energy 30 servings,Health & Wellness,CAT-09,SELLER-0073,23.00,446,2026-02-28
PROD-000107,SKU-000107,Leather Jacket Slim Fit,Fashion,CAT-02,SELLER-0192,16.00,327,2025-01-27
PROD-000108,SKU-000108,Remote Control Car 4WD,Toys & Games,CAT-06,SELLER-0020,40.00,469,2026-01-05
PROD-000109,SKU-000109,Cotton T-Shirt Unisex,Fashion,CAT-02,SELLER-0009,173.00,198,2024-04-29
PROD-000110,SKU-000110,Memory Foam Pillow,Home & Kitchen,CAT-03,SELLER-0026,131.00,230,2025-01-19
PROD-000111,SKU-000111,Electric Toothbrush Sonic,Beauty & Personal Care,CAT-04,SELLER-0056,46.00,435,2025-01-24
PROD-000112,SKU-000112,Board Game Catan,Toys & Games,CAT-06,SELLER-0059,101.00,469,2025-10-09
PROD-000113,SKU-000113,Memory Foam Pillow,Home & Kitchen,CAT-03,SELLER-0154,55.00,154,2023-11-20
PROD-000114,SKU-000114,Espresso Machine 15-bar,Home & Kitchen,CAT-03,SELLER-0129,108.00,87,2025-05-15
PROD-000115,SKU-000115,Educated: A Memoir,Books,CAT-05,SELLER-0128,48.00,278,2025-03-19
PROD-000116,SKU-000116,"Mountain Bike 27.5""",Sports & Outdoors,CAT-07,SELLER-0035,78.00,146,2023-07-13
PROD-000117,SKU-000117,The Lean Startup,Books,CAT-05,SELLER-0089,30.00,422,2025-04-08
PROD-000118,SKU-000118,Perfume Eau de Parfum 100ml,Beauty & Personal Care,CAT-04,SELLER-0041,15.00,400,2023-06-14
PROD-000119,SKU-000119,USB-C Fast Charger 65W,Electronics,CAT-01,SELLER-0034,819.00,72,2025-11-26
PROD-000120,SKU-000120,Wool Pullover Sweater,Fashion,CAT-02,SELLER-0129,19.00,57,2024-10-01
PROD-000121,SKU-000121,Air Fryer 5L,Home & Kitchen,CAT-03,SELLER-0133,157.00,105,2026-02-25
PROD-000122,SKU-000122,Board Game Catan,Toys & Games,CAT-06,SELLER-0032,43.00,158,2023-03-10
PROD-000123,SKU-000123,The Lean Startup,Books,CAT-05,SELLER-0005,32.00,99,2024-04-10
PROD-000124,SKU-000124,Remote Control Car 4WD,Toys & Games,CAT-06,SELLER-0110,147.00,227,2023-11-20
PROD-000125,SKU-000125,Camping Tent 4-Person,Sports & Outdoors,CAT-07,SELLER-0087,358.00,154,2024-05-26
PROD-000126,SKU-000126,Monopoly Classic Edition,Toys & Games,CAT-06,SELLER-0200,53.00,490,2024-09-22
PROD-000127,SKU-000127,Wi-Fi 6 Router AX3000,Electronics,CAT-01,SELLER-0147,643.00,412,2025-12-02
PROD-000128,SKU-000128,Probiotic 50 billion CFU,Health & Wellness,CAT-09,SELLER-0082,30.00,134,2023-04-26
PROD-000129,SKU-000129,The Lean Startup,Books,CAT-05,SELLER-0200,14.00,225,2023-02-06
PROD-000130,SKU-000130,Wireless Bluetooth Headphones,Electronics,CAT-01,SELLER-0094,446.00,269,2024-07-15
PROD-000131,SKU-000131,Running Shoes Trail,Sports & Outdoors,CAT-07,SELLER-0094,309.00,137,2024-08-26
PROD-000132,SKU-000132,Egyptian Cotton Sheet Set,Home & Kitchen,CAT-03,SELLER-0110,313.00,405,2024-03-23
PROD-000133,SKU-000133,Beard Trimmer Cordless,Beauty & Personal Care,CAT-04,SELLER-0040,8.00,163,2025-09-12
PROD-000134,SKU-000134,"Thinking, Fast and Slow",Books,CAT-05,SELLER-0119,24.00,172,2024-11-25
PROD-000135,SKU-000135,Remote Control Car 4WD,Toys & Games,CAT-06,SELLER-0094,30.00,315,2026-04-02
PROD-000136,SKU-000136,Egyptian Cotton Sheet Set,Home & Kitchen,CAT-03,SELLER-0087,197.00,105,2023-02-20
PROD-000137,SKU-000137,Where the Crawdads Sing,Books,CAT-05,SELLER-0142,33.00,266,2026-03-16
PROD-000138,SKU-000138,Leather Wallet Bifold,Fashion,CAT-02,SELLER-0076,223.00,310,2024-07-23
PROD-000139,SKU-000139,"Cast Iron Skillet 12""",Home & Kitchen,CAT-03,SELLER-0120,33.00,76,2025-11-21
PROD-000140,SKU-000140,"Curling Iron 1.25""",Beauty & Personal Care,CAT-04,SELLER-0085,81.00,385,2024-05-12
PROD-000141,SKU-000141,Smartphone Pro Max,Electronics,CAT-01,SELLER-0156,-784.00,28,2023-01-24
PROD-000142,SKU-000142,Smartphone Pro Max,Electronics,CAT-01,SELLER-0095,152.00,485,2024-06-21
PROD-000143,SKU-000143,"4K Smart TV 55""",Electronics,CAT-01,SELLER-0185,443.00,221,2025-02-02
PROD-000144,SKU-000144,Mechanical Gaming Keyboard,Electronics,CAT-01,SELLER-0018,270.00,36,2023-11-01
PROD-000145,SKU-000145,LED Headlight Bulb H7,Automotive Parts,CAT-08,SELLER-0108,799.00,98,2025-09-07
PROD-000146,SKU-000146,Brake Pads Front Set,Automotive Parts,CAT-08,SELLER-0104,356.00,406,2024-12-27
PROD-000147,SKU-000147,"4K Smart TV 55""",Electronics,CAT-01,SELLER-0149,568.00,334,2025-01-27
PROD-000148,SKU-000148,Air Filter K&N,Automotive Parts,CAT-08,SELLER-0097,226.00,173,2025-07-06
PROD-000149,SKU-000149,Face Mask Sheet Pack,Beauty & Personal Care,CAT-04,SELLER-0079,60.00,241,2024-03-30
PROD-000150,SKU-000147,Sport Watch Stainless,Fashion,CAT-02,SELLER-0115,233.00,477,2025-08-29
PROD-000151,SKU-000151,"Mountain Bike 27.5""",Sports & Outdoors,CAT-07,SELLER-0173,409.00,308,2024-10-15
PROD-000152,SKU-000152,Air Fryer 5L,Home & Kitchen,CAT-03,SELLER-0033,36.00,458,2026-03-12
PROD-000153,SKU-000153,"Cast Iron Skillet 12""",Home & Kitchen,CAT-03,SELLER-0051,298.00,335,2025-04-26
PROD-000154,SKU-000154,Wireless Bluetooth Headphones,Electronics,CAT-01,SELLER-0153,1199.00,306,2023-12-05
PROD-000155,SKU-000155,Yoga Mat 6mm Non-Slip,Sports & Outdoors,CAT-07,SELLER-0135,469.00,93,2025-08-07
PROD-000156,SKU-000156,Wool Pullover Sweater,Fashion,CAT-02,SELLER-0018,195.00,228,2023-09-26
PROD-000157,SKU-000157,Smartphone Pro Max,Electronics,CAT-01,SELLER-0141,308.00,313,2025-01-11
PROD-000158,SKU-000158,Educated: A Memoir,Books,CAT-05,SELLER-0153,51.00,356,2025-10-06
PROD-000159,SKU-000159,Denim Jeans Slim,Fashion,CAT-02,SELLER-0032,29.00,477,2023-08-26
PROD-000160,SKU-000160,Whey Protein Powder 2lb,Health & Wellness,CAT-09,SELLER-0088,112.00,342,2023-10-18
PROD-000161,SKU-000161,Wireless Bluetooth Headphones,Electronics,CAT-01,SELLER-0138,490.00,327,2024-04-09
PROD-000162,SKU-000162,Smart Scale Bluetooth,Health & Wellness,CAT-09,SELLER-0125,89.00,428,2023-05-06
PROD-000163,SKU-000163,Wool Pullover Sweater,Fashion,CAT-02,SELLER-0109,66.00,136,2024-12-11
PROD-000164,SKU-000164,Soccer Ball FIFA Approved,Sports & Outdoors,CAT-07,SELLER-0079,239.00,179,2025-03-12
PROD-000165,SKU-000165,The Lean Startup,Books,CAT-05,SELLER-0029,42.00,106,2024-05-13
PROD-000166,SKU-000166,Zero to One,Books,CAT-05,SELLER-0026,28.00,21,2023-11-03
PROD-000167,SKU-000167,Action Camera 4K,Electronics,CAT-01,SELLER-0118,639.00,400,2025-07-20
PROD-000168,SKU-000168,Mechanical Gaming Keyboard,Electronics,CAT-01,SELLER-0183,225.00,31,2023-11-04
PROD-000169,SKU-000169,Hair Dryer Ionic 1875W,Beauty & Personal Care,CAT-04,SELLER-0099,32.00,254,2024-11-20
PROD-000170,SKU-000170,Leather Jacket Slim Fit,Fashion,CAT-02,SELLER-0067,195.00,139,2024-08-05
PROD-000171,SKU-000171,Canvas Backpack 25L,Fashion,CAT-02,SELLER-0112,19.00,332,2025-08-29
PROD-000172,SKU-000172,Knife Set 8-Piece,Home & Kitchen,CAT-03,SELLER-0169,324.00,381,2026-01-06
PROD-000173,SKU-000173,Yoga Block Cork,Health & Wellness,CAT-09,SELLER-0059,53.00,143,2025-03-26
PROD-000174,SKU-000174,USB-C Fast Charger 65W,Electronics,CAT-01,SELLER-0163,150.00,279,2023-11-07
PROD-000175,SKU-000175,Espresso Machine 15-bar,Home & Kitchen,CAT-03,SELLER-0197,244.00,36,2025-03-24
PROD-000176,SKU-000176,Yoga Mat 6mm Non-Slip,Sports & Outdoors,CAT-07,SELLER-0096,187.00,431,2026-04-09
PROD-000177,SKU-000177,Wi-Fi 6 Router AX3000,Electronics,CAT-01,SELLER-0085,652.00,365,2024-07-17
PROD-000178,SKU-000178,"Mountain Bike 27.5""",Sports & Outdoors,CAT-07,SELLER-0077,36.00,41,2024-12-26
PROD-000179,SKU-000179,Stainless Steel Cookware Set,Home & Kitchen,CAT-03,SELLER-0133,141.00,30,2023-12-22
PROD-000180,SKU-000180,Electric Toothbrush Sonic,Beauty & Personal Care,CAT-04,SELLER-0077,68.00,344,2025-01-02
PROD-000181,SKU-000181,Camping Tent 4-Person,Sports & Outdoors,CAT-07,SELLER-0057,451.00,404,2025-02-13
PROD-000182,SKU-000182,Stuffed Animal Plush,Toys & Games,CAT-06,SELLER-0183,-97.00,53,2025-11-06
PROD-000183,SKU-000183,Stuffed Animal Plush,Toys & Games,CAT-06,SELLER-0110,51.00,139,2024-06-24
PROD-000184,SKU-000184,Dumbbell Set Adjustable 50lb,Sports & Outdoors,CAT-07,SELLER-0106,55.00,28,2025-09-08
PROD-000185,SKU-000185,Spark Plug Iridium Set,Automotive Parts,CAT-08,SELLER-0042,584.00,380,2024-07-31
PROD-000186,SKU-000186,Hiking Backpack 65L,Sports & Outdoors,CAT-07,SELLER-0109,237.00,489,2023-07-28
PROD-000187,SKU-000187,Egyptian Cotton Sheet Set,Home & Kitchen,CAT-03,SELLER_0072,301.00,310,2025-01-19
PROD-000188,SKU-000188,Stuffed Animal Plush,Toys & Games,CAT-06,SELLER-0066,19.00,54,2023-06-03
PROD-000189,SKU-000189,Summer Dress Floral,Fashion,CAT-02,SELLER-0148,89.00,144,2026-01-10
PROD-000190,SKU-000190,Smartphone Pro Max,Electronics,CAT-01,SELLER-0197,798.00,182,2025-02-25
PROD-000191,SKU-000191,Mechanical Gaming Keyboard,Electronics,CAT-01,SELLER-0053,774.00,498,2023-09-01
PROD-000192,SKU-000192,Nail Polish Long-Lasting Set,Beauty & Personal Care,CAT-04,SELLER-0154,12.00,481,2024-04-09
PROD-000193,SKU-000193,Tire Pressure Monitor,Automotive Parts,CAT-08,SELLER-0103,548.00,366,2023-10-11
PROD-000194,SKU-000194,Pre-Workout Energy 30 servings,Health & Wellness,CAT-09,SELLER-0083,74.00,251,2025-03-05
PROD-000195,SKU-000195,Designing Data-Intensive Applications,Books,CAT-05,SELLER-0043,23.00,232,2024-11-06
PROD-000196,SKU-000196,Air Filter K&N,Automotive Parts,CAT-08,SELLER-0131,506.00,328,2024-09-12
PROD-000197,SKU-000197,Multivitamin 90 tablets,Health & Wellness,CAT-09,SELLER-0129,115.00,130,2023-09-19
PROD-000198,SKU-000198,Action Figure Collectible,Toys & Games,CAT-06,SELLER-0066,56.00,319,2024-11-13
PROD-000199,SKU-000199,"4K Smart TV 55""",Electronics,CAT-01,SELLER-0075,799.00,108,2023-08-19
PROD-000200,SKU-000200,Board Game Catan,Toys & Games,CAT-06,SELLER-0071,28.00,112,2024-04-23
PROD-000201,SKU-000201,Fishing Rod Combo,Sports & Outdoors,CAT-07,SELLER-0078,460.00,479,2024-12-07
PROD-000202,SKU-000202,"Cast Iron Skillet 12""",Home & Kitchen,CAT-03,SELLER-9999,103.00,54,2024-10-14
PROD-000203,SKU-000203,Brake Pads Front Set,Automotive Parts,CAT-08,SELLER-0013,597.00,368,2024-09-30
PROD-000204,SKU-000204,Wireless Bluetooth Headphones,Electronics,CAT-01,SELLER-0130,669.00,31,2025-05-15
PROD-000205,SKU-000205,LED Headlight Bulb H7,Automotive Parts,CAT-08,SELLER-0082,595.00,135,2024-07-11
PROD-000206,SKU-000206,Omega-3 Fish Oil 1000mg,Health & Wellness,CAT-09,SELLER-0020,42.00,291,2023-09-02
PROD-000207,SKU-000207,Board Game Catan,Toys & Games,CAT-06,SELLER-0094,132.00,217,2025-12-24
PROD-000208,SKU-000208,Noise-Cancelling Earbuds,Electronics,CAT-01,SELLER_0101,186.00,325,2025-11-29
PROD-000209,SKU-000209,Engine Oil 5W-30 5L,Automotive Parts,CAT-08,SELLER-0092,503.00,180,2024-08-28
PROD-000210,SKU-000210,Bamboo Cutting Board,Home & Kitchen,CAT-03,SELLER-0073,387.00,101,2023-12-15
PROD-000211,SKU-000211,"Wiper Blades 22""",Automotive Parts,CAT-08,SELLER-0059,623.00,203,2025-02-01
PROD-000212,SKU-000212,Face Mask Sheet Pack,Beauty & Personal Care,CAT-04,SELLER-0164,69.00,205,2024-06-13
PROD-000213,SKU-000213,Remote Control Car 4WD,Toys & Games,CAT-06,SELLER-0076,56.00,86,2024-07-26
PROD-000214,SKU-000214,Pre-Workout Energy 30 servings,Health & Wellness,CAT-09,SELLER-0047,42.00,225,2023-08-19
PROD-000215,SKU-000215,Smart Watch Fitness Tracker,Electronics,CAT-01,SELLER-0163,1038.00,307,2024-09-24
PROD-000216,SKU-000216,Hiking Backpack 65L,Sports & Outdoors,CAT-07,SELLER-0190,106.00,152,2025-12-11
PROD-000217,SKU-000217,Pre-Workout Energy 30 servings,Health & Wellness,CAT-09,SELLER-0189,19.00,291,2025-03-30
PROD-000218,SKU-000218,Electric Toothbrush Sonic,Beauty & Personal Care,CAT-04,SELLER-0164,58.00,124,2025-05-11
PROD-000219,SKU-000219,Educational Tablet Kids,Toys & Games,CAT-06,SELLER_0187,82.00,191,2025-11-08
PROD-000220,SKU-000220,Egyptian Cotton Sheet Set,Home & Kitchen,CAT-03,SELLER-0087,321.00,62,2025-05-03
PROD-000221,SKU-000221,Mechanical Gaming Keyboard,Electronics,CAT-01,SELLER-0032,929.00,408,2024-02-12
PROD-000222,SKU-000222,Yoga Block Cork,Health & Wellness,CAT-09,SELLER-0054,66.00,19,2024-04-13
PROD-000223,SKU-000223,Perfume Eau de Parfum 100ml,Beauty & Personal Care,CAT-04,SELLER-0019,75.00,83,2023-08-03
PROD-000224,SKU-000224,Spark Plug Iridium Set,Automotive Parts,CAT-08,SELLER-0009,684.00,71,2025-10-03
PROD-000225,SKU-000225,Probiotic 50 billion CFU,Health & Wellness,CAT-09,SELLER-0184,95.00,334,2023-04-08
PROD-000226,SKU-000226,Beard Trimmer Cordless,Beauty & Personal Care,CAT-04,SELLER-0023,20.00,13,2024-07-13
PROD-000227,SKU-000227,Dash Cam 1440p,Automotive Parts,CAT-08,SELLER-0100,279.00,241,2025-10-05
PROD-000228,SKU-000228,Sapiens: A Brief History,Books,CAT-05,SELLER-0025,19.00,140,2023-09-27
PROD-000229,SKU-000229,LEGO Classic Building Bricks,Toys & Games,CAT-06,SELLER-0181,116.00,448,2025-02-16
PROD-000230,SKU-000230,Smart Watch Fitness Tracker,Electronics,CAT-01,SELLER-9999,1056.00,388,2024-03-29
PROD-000231,SKU-000231,Zero to One,Books,CAT-05,SELLER-0049,23.00,470,2024-07-07
PROD-000232,SKU-000232,Air Filter K&N,Automotive Parts,CAT-08,SELLER-0049,338.00,460,2026-03-11
PROD-000233,SKU-000233,Dumbbell Set Adjustable 50lb,Sports & Outdoors,CAT-07,SELLER-0148,530.00,3,2025-05-10
PROD-000234,SKU-000234,Whey Protein Powder 2lb,Health & Wellness,CAT-09,SELLER-0120,16.00,182,2024-11-02
PROD-000235,SKU-000235,Probiotic 50 billion CFU,Health & Wellness,CAT-09,SELLER-0084,102.00,328,2024-03-22
PROD-000236,SKU-000236,Stainless Steel Cookware Set,Home & Kitchen,CAT-03,SELLER_0063,225.00,257,2024-12-26
PROD-000237,SKU-000237,Clean Code,Books,CAT-05,SELLER-0091,60.00,161,2026-02-02
PROD-000238,SKU-000238,Beard Trimmer Cordless,Beauty & Personal Care,CAT-04,SELLER-0058,85.00,131,2023-04-30
PROD-000239,SKU-000239,Denim Jeans Slim,Fashion,CAT-02,SELLER-0192,195.00,50,2023-01-20
PROD-000240,SKU-000240,Sport Watch Stainless,Fashion,CAT-02,SELLER-0043,180.00,119,2025-08-27
PROD-000241,SKU-000238,The Pragmatic Programmer,Books,CAT-05,SELLER-0123,25.00,50,2024-06-12
PROD-000242,SKU-000242,Polarized Sunglasses,Fashion,CAT-02,SELLER-0009,172.00,69,2025-10-08
PROD-000243,SKU-000243,Wooden Puzzle 1000 pcs,Toys & Games,CAT-06,SELLER-0069,140.00,208,2023-10-03
PROD-000244,SKU-000244,Remote Control Car 4WD,Toys & Games,CAT-06,SELLER-0009,130.00,50,2025-06-04
PROD-000245,SKU-000245,Zero to One,Books,CAT-05,SELLER-0078,43.00,473,2024-01-06
PROD-000246,SKU-000246,The Pragmatic Programmer,Books,CAT-05,SELLER-0059,42.00,334,2023-08-09
PROD-000247,SKU-000247,Wooden Puzzle 1000 pcs,Toys & Games,CAT-06,SELLER-0013,13.00,-4,2025-07-26
PROD-000248,SKU-000248,Action Figure Collectible,Toys & Games,CAT-06,SELLER-0012,104.00,197,2024-04-10
PROD-000249,SKU-000249,Leather Wallet Bifold,Fashion,CAT-02,SELLER-0141,69.00,18,2023-12-21
PROD-000250,SKU-000250,Action Figure Collectible,Toys & Games,CAT-06,SELLER-0081,16.00,40,2024-07-03
PROD-000251,SKU-000251,Dumbbell Set Adjustable 50lb,Sports & Outdoors,CAT-07,SELLER-0018,428.00,103,2023-05-03
PROD-000252,SKU-000252,Educational Tablet Kids,Toys & Games,CAT-06,SELLER-0057,20.00,379,2026-04-13
PROD-000253,SKU-000253,Foam Roller High-Density,Health & Wellness,CAT-09,SELLER-9999,115.00,115,2023-06-03
PROD-000254,SKU-000254,Cycling Helmet MIPS,Sports & Outdoors,CAT-07,SELLER-0142,278.00,352,2023-11-29
PROD-000255,SKU-000255,Dumbbell Set Adjustable 50lb,Sports & Outdoors,CAT-07,SELLER-0153,367.00,131,2023-06-21
PROD-000256,SKU-000256,Canvas Backpack 25L,Fashion,CAT-02,SELLER-0075,154.00,468,2024-05-26
PROD-000257,SKU-000257,Atomic Habits,Books,CAT-05,SELLER-0129,40.00,231,2024-11-08
PROD-000258,SKU-000258,Remote Control Car 4WD,Toys & Games,CAT-06,SELLER-0051,38.00,433,2025-01-27
PROD-000259,SKU-000259,Hair Dryer Ionic 1875W,Beauty & Personal Care,CAT-04,SELLER-0068,83.00,72,2024-05-08
PROD-000260,SKU-000260,Clean Code,Books,CAT-05,SELLER-0183,20.00,490,2025-02-15
PROD-000261,SKU-000261,Educational Tablet Kids,Toys & Games,CAT-06,SELLER-0118,79.00,317,2026-02-03
PROD-000262,SKU-000258,Multivitamin 90 tablets,Health & Wellness,CAT-09,SELLER-0107,74.00,414,2024-09-18
PROD-000263,SKU-000263,Smart Watch Fitness Tracker,Electronics,CAT-01,SELLER-0099,539.00,446,2023-11-28
PROD-000264,SKU-000264,"Wiper Blades 22""",Automotive Parts,CAT-08,SELLER-0055,355.00,437,2023-06-06
PROD-000265,SKU-000265,Stuffed Animal Plush,Toys & Games,CAT-06,SELLER-0141,95.00,16,2025-09-30
PROD-000266,SKU-000262,Atomic Habits,Books,CAT-05,SELLER-0183,48.00,454,2023-09-08
PROD-000267,SKU-000267,Cotton T-Shirt Unisex,Fashion,CAT-02,SELLER-0081,87.00,246,2024-09-09
PROD-000268,SKU-000268,"Thinking, Fast and Slow",Books,CAT-05,SELLER-0127,9.00,150,2026-01-07
PROD-000269,SKU-000269,Atomic Habits,Books,CAT-05,SELLER-0090,12.00,426,2024-08-23
PROD-000270,SKU-000270,Portable SSD 1TB,Electronics,CAT-01,SELLER-0066,620.00,348,2023-05-31
PROD-000271,SKU-000271,Stand Mixer 5-Quart,Home & Kitchen,CAT-03,SELLER-0183,98.00,244,2024-09-22
PROD-000272,SKU-000272,Hair Straightener Ceramic,Beauty & Personal Care,CAT-04,SELLER-0110,20.00,220,2025-12-06
PROD-000273,SKU-000273,USB-C Fast Charger 65W,Electronics,CAT-01,SELLER-0131,690.00,365,2026-04-05
PROD-000274,SKU-000274,Wireless Bluetooth Headphones,Electronics,CAT-01,SELLER-0154,1179.00,12,2025-02-24
PROD-000275,SKU-000275,Cycling Helmet MIPS,Sports & Outdoors,CAT-07,SELLER-0093,88.00,385,2024-03-17
PROD-000276,SKU-000276,Hair Dryer Ionic 1875W,Beauty & Personal Care,CAT-04,SELLER-0082,88.00,354,2024-05-12
PROD-000277,SKU-000277,Wooden Puzzle 1000 pcs,Toys & Games,CAT-06,SELLER-0142,11.00,202,2024-08-02
PROD-000278,SKU-000278,"Thinking, Fast and Slow",Books,CAT-05,SELLER-0029,45.00,207,2025-09-24
PROD-000279,SKU-000279,Running Shoes Trail,Sports & Outdoors,CAT-07,SELLER-0120,501.00,408,2024-12-11
PROD-000280,SKU-000280,"4K Smart TV 55""",Electronics,CAT-01,SELLER-0182,750.00,93,2024-05-02
PROD-000281,SKU-000281,LEGO Classic Building Bricks,Toys & Games,CAT-06,SELLER-0109,139.00,277,2024-04-18
PROD-000282,SKU-000282,Monopoly Classic Edition,Toys & Games,CAT-06,SELLER-0178,10.00,189,2026-04-26
PROD-000283,SKU-000283,Educational Tablet Kids,Toys & Games,CAT-06,SELLER-0095,15.00,397,2023-11-21
PROD-000284,SKU-000284,"Wiper Blades 22""",Automotive Parts,CAT-08,SELLER-0140,390.00,170,2024-03-31
PROD-000285,SKU-000285,Probiotic 50 billion CFU,Health & Wellness,CAT-09,SELLER-0026,29.00,269,2025-04-21
PROD-000286,SKU-000286,Stuffed Animal Plush,Toys & Games,CAT-06,SELLER-0009,46.00,470,2023-10-07
PROD-000287,SKU-000287,Hair Straightener Ceramic,Beauty & Personal Care,CAT-04,SELLER-0071,55.00,301,2023-05-30
PROD-000288,SKU-000288,Sleep Aid Melatonin 5mg,Health & Wellness,CAT-09,SELLER-0069,57.00,72,2024-11-17
PROD-000289,SKU-000289,Tire Pressure Monitor,Automotive Parts,CAT-08,SELLER-0130,-673.00,0,2023-10-19
PROD-000290,SKU-000290,USB-C Fast Charger 65W,Electronics,CAT-01,SELLER-0122,502.00,373,2025-10-26
PROD-000291,SKU-000291,Tire Pressure Monitor,Automotive Parts,CAT-08,SELLER-0200,382.00,285,2024-11-25
PROD-000292,SKU-000292,Air Fryer 5L,Home & Kitchen,CAT-03,SELLER-0002,101.00,112,2023-06-19
PROD-000293,SKU-000293,Moisturizing Cream SPF50,Beauty & Personal Care,CAT-04,SELLER-0166,78.00,386,2024-03-12
PROD-000294,SKU-000294,Fishing Rod Combo,Sports & Outdoors,CAT-07,SELLER-0067,230.00,405,2023-12-02
PROD-000295,SKU-000295,Mechanical Gaming Keyboard,Electronics,CAT-01,SELLER-0018,977.00,467,2024-08-12
PROD-000296,SKU-000296,USB-C Fast Charger 65W,Electronics,CAT-01,SELLER-0200,328.00,160,2024-04-12
PROD-000297,SKU-000297,Multivitamin 90 tablets,Health & Wellness,CAT-09,SELLER-0184,15.00,87,2025-01-20
PROD-000298,SKU-000298,Summer Dress Floral,Fashion,CAT-02,SELLER-0006,60.00,429,2025-10-04
PROD-000299,SKU-000299,Vitamin C Serum 30ml,Beauty & Personal Care,CAT-04,SELLER-0058,31.00,238,2024-08-12
PROD-000300,SKU-000300,Running Sneakers,Fashion,CAT-02,SELLER-9999,241.00,347,2025-03-08
PROD-000301,SKU-000301,Bamboo Cutting Board,Home & Kitchen,CAT-03,SELLER-0032,205.00,69,2024-02-26
PROD-000302,SKU-000302,Egyptian Cotton Sheet Set,Home & Kitchen,CAT-03,SELLER-0179,120.00,137,2023-11-04
PROD-000303,SKU-000303,USB-C Fast Charger 65W,Electronics,CAT-01,SELLER-0055,1046.00,16,2026-03-08
PROD-000304,SKU-000304,Rubiks Cube 3x3,Toys & Games,CAT-06,SELLER-0084,84.00,190,2025-12-17
PROD-000305,SKU-000305,Nail Polish Long-Lasting Set,Beauty & Personal Care,CAT-04,SELLER-0066,83.00,278,2023-04-09
PROD-000306,SKU-000306,Stainless Steel Cookware Set,Home & Kitchen,CAT-03,SELLER-0088,148.00,45,2024-08-10
PROD-000307,SKU-000307,Brake Pads Front Set,Automotive Parts,CAT-08,SELLER-0170,564.00,397,2026-01-28
PROD-000308,SKU-000308,Engine Oil 5W-30 5L,Automotive Parts,CAT-08,SELLER-0102,790.00,98,2024-10-08
PROD-000309,SKU-000309,Nail Polish Long-Lasting Set,Beauty & Personal Care,CAT-04,SELLER-0122,81.00,254,2026-03-28
PROD-000310,SKU-000310,Action Figure Collectible,Toys & Games,CAT-06,SELLER_0086,121.00,372,2024-01-19
PROD-000311,SKU-000311,Running Sneakers,Fashion,CAT-02,SELLER_0086,227.00,364,2024-06-30
PROD-000312,SKU-000312,USB-C Fast Charger 65W,Electronics,CAT-01,SELLER-0115,695.00,205,2024-03-25
PROD-000313,SKU-000313,LEGO Classic Building Bricks,Toys & Games,CAT-06,SELLER-0141,75.00,159,2026-03-14
PROD-000314,SKU-000314,Cotton T-Shirt Unisex,Fashion,CAT-02,SELLER-0018,176.00,23,2026-01-18
PROD-000315,SKU-000315,Stuffed Animal Plush,Toys & Games,CAT-06,SELLER-0102,52.00,125,2023-09-30
PROD-000316,SKU-000316,Nail Polish Long-Lasting Set,Beauty & Personal Care,CAT-04,SELLER-9999,29.00,121,2025-04-09
PROD-000317,SKU-000317,LED Headlight Bulb H7,Automotive Parts,CAT-08,SELLER-0131,477.00,34,2025-03-28
PROD-000318,SKU-000318,"Mountain Bike 27.5""",Sports & Outdoors,CAT-07,SELLER-0130,136.00,303,2025-11-30
PROD-000319,SKU-000319,USB-C Fast Charger 65W,Electronics,CAT-01,SELLER-0146,690.00,364,2024-10-14
PROD-000320,SKU-000320,Resistance Band Set,Sports & Outdoors,CAT-07,SELLER-0146,337.00,163,2025-11-04
PROD-000321,SKU-000321,Stainless Steel Cookware Set,Home & Kitchen,CAT-03,SELLER-0159,357.00,244,2025-10-13
PROD-000322,SKU-000322,Noise-Cancelling Earbuds,Electronics,CAT-01,SELLER-0049,214.00,437,2023-01-18
PROD-000323,SKU-000323,Running Sneakers,Fashion,CAT-02,SELLER-0092,126.00,432,2024-08-28
PROD-000324,SKU-000324,Cotton T-Shirt Unisex,Fashion,CAT-02,SELLER-0144,178.00,492,2024-10-25
PROD-000325,SKU-000325,Probiotic 50 billion CFU,Health & Wellness,CAT-09,SELLER-0077,59.00,39,2023-05-23
PROD-000326,SKU-000326,"Curling Iron 1.25""",Beauty & Personal Care,CAT-04,SELLER-0108,36.00,476,2023-03-22
PROD-000327,SKU-000327,Hair Dryer Ionic 1875W,Beauty & Personal Care,CAT-04,SELLER-0126,58.00,34,2024-05-03
PROD-000328,SKU-000328,Leather Wallet Bifold,Fashion,CAT-02,SELLER-0016,225.00,68,2023-01-06
PROD-000329,SKU-000329,Educational Tablet Kids,Toys & Games,CAT-06,SELLER-0108,134.00,82,2026-01-06
PROD-000330,SKU-000330,Wool Pullover Sweater,Fashion,CAT-02,SELLER-0108,146.00,136,2025-08-31
PROD-000331,SKU-000331,Whey Protein Powder 2lb,Health & Wellness,CAT-09,SELLER-0039,37.00,229,2024-06-03
PROD-000332,SKU-000332,Air Fryer 5L,Home & Kitchen,CAT-03,SELLER-0058,355.00,122,2026-03-03
PROD-000333,SKU-000329,Leather Jacket Slim Fit,Fashion,CAT-02,SELLER-0031,167.00,295,2025-10-25
PROD-000334,SKU-000334,Espresso Machine 15-bar,Home & Kitchen,CAT-03,SELLER-0160,68.00,53,2025-07-13
PROD-000335,SKU-000335,Action Camera 4K,Electronics,CAT-01,SELLER-0015,719.00,304,2023-02-03
PROD-000336,SKU-000336,"4K Smart TV 55""",Electronics,CAT-01,SELLER-0058,237.00,64,2023-07-09
PROD-000337,SKU-000337,Soccer Ball FIFA Approved,Sports & Outdoors,CAT-07,SELLER-0085,478.00,79,2024-01-09
PROD-000338,SKU-000338,Wi-Fi 6 Router AX3000,Electronics,CAT-01,SELLER-0174,143.00,92,2023-06-28
PROD-000339,SKU-000339,Board Game Catan,Toys & Games,CAT-06,SELLER-0115,90.00,343,2024-05-01
PROD-000340,SKU-000340,Camping Tent 4-Person,Sports & Outdoors,CAT-07,SELLER-0105,503.00,360,2023-10-19
PROD-000341,SKU-000341,Smart Scale Bluetooth,Health & Wellness,CAT-09,SELLER-0085,52.00,240,2025-02-13
PROD-000342,SKU-000342,Massage Gun Percussion,Health & Wellness,CAT-09,SELLER-0183,45.00,230,2024-05-03
PROD-000343,SKU-000343,Remote Control Car 4WD,Toys & Games,CAT-06,SELLER-0100,52.00,147,2025-11-19
PROD-000344,SKU-000343,Zero to One,Books,CAT-05,SELLER-0065,30.00,312,2025-07-17
PROD-000345,SKU-000345,Hiking Backpack 65L,Sports & Outdoors,CAT-07,SELLER-0018,407.00,110,2023-04-03
PROD-000346,SKU-000346,Car Battery 12V 70Ah,Automotive Parts,CAT-08,SELLER-0012,595.00,162,2026-02-11
PROD-000347,SKU-000347,Wireless Bluetooth Headphones,Electronics,CAT-01,SELLER-0025,796.00,349,2023-08-15
PROD-000348,SKU-000348,The Pragmatic Programmer,Books,CAT-05,SELLER-0160,14.00,368,2023-04-19
PROD-000349,SKU-000349,Pre-Workout Energy 30 servings,Health & Wellness,CAT-09,SELLER-0091,34.00,249,2024-08-06
PROD-000350,SKU-000350,Dumbbell Set Adjustable 50lb,Sports & Outdoors,CAT-07,SELLER-0121,249.00,40,2024-11-13
PROD-000351,SKU-000348,Leather Jacket Slim Fit,Fashion,CAT-02,SELLER-0103,60.00,40,2025-12-26
PROD-000352,SKU-000352,Smart Scale Bluetooth,Health & Wellness,CAT-09,SELLER-0064,40.00,302,2025-05-22
PROD-000353,SKU-000353,Stand Mixer 5-Quart,Home & Kitchen,CAT-03,SELLER-0124,75.00,279,2025-08-18
PROD-000354,SKU-000354,Beard Trimmer Cordless,Beauty & Personal Care,CAT-04,SELLER-0143,38.00,286,2025-12-27
PROD-000355,SKU-000355,Robot Vacuum Cleaner,Home & Kitchen,CAT-03,SELLER_0187,337.00,275,2025-12-20
PROD-000356,SKU-000356,"Thinking, Fast and Slow",Books,CAT-05,SELLER-0161,9.00,403,2026-02-25
PROD-000357,SKU-000357,Probiotic 50 billion CFU,Health & Wellness,CAT-09,SELLER-0018,73.00,74,2024-11-02
PROD-000358,SKU-000358,The Pragmatic Programmer,Books,CAT-05,SELLER-0192,54.00,254,2024-04-26
PROD-000359,SKU-000359,Air Filter K&N,Automotive Parts,CAT-08,SELLER-0200,552.00,479,2023-07-25
PROD-000360,SKU-000360,Hiking Backpack 65L,Sports & Outdoors,CAT-07,SELLER-0074,448.00,406,2025-06-23
PROD-000361,SKU-000361,Robot Vacuum Cleaner,Home & Kitchen,CAT-03,SELLER-0100,67.00,399,2024-03-08
PROD-000362,SKU-000362,Wireless Bluetooth Headphones,Electronics,CAT-01,SELLER-0145,551.00,246,2023-11-04
PROD-000363,SKU-000363,Robot Vacuum Cleaner,Home & Kitchen,CAT-03,SELLER-0081,339.00,255,2025-08-16
PROD-000364,SKU-000364,Car Battery 12V 70Ah,Automotive Parts,CAT-08,SELLER-0083,668.00,472,2023-12-25
PROD-000365,SKU-000365,Knife Set 8-Piece,Home & Kitchen,CAT-03,SELLER-0174,41.00,323,2025-11-13
PROD-000366,SKU-000366,Hiking Backpack 65L,Sports & Outdoors,CAT-07,SELLER-0071,395.00,345,2024-11-30
PROD-000367,SKU-000367,Probiotic 50 billion CFU,Health & Wellness,CAT-09,SELLER-0073,100.00,18,2024-06-03
PROD-000368,SKU-000368,Atomic Habits,Books,CAT-05,SELLER-0070,43.00,266,2025-02-02
PROD-000369,SKU-000369,Denim Jeans Slim,Fashion,CAT-02,SELLER-0162,102.00,458,2023-06-24
PROD-000370,SKU-000370,Denim Jeans Slim,Fashion,CAT-02,SELLER-0066,20.00,39,2023-06-11
PROD-000371,SKU-000371,Sapiens: A Brief History,Books,CAT-05,SELLER-0186,33.00,86,2025-01-14
PROD-000372,SKU-000372,Wool Pullover Sweater,Fashion,CAT-02,SELLER-0092,21.00,223,2024-02-19
PROD-000373,SKU-000373,Running Sneakers,Fashion,CAT-02,SELLER-0146,16.00,419,2025-04-07
PROD-000374,SKU-000374,Beard Trimmer Cordless,Beauty & Personal Care,CAT-04,SELLER-0146,67.00,252,2023-11-16
PROD-000375,SKU-000375,Leather Jacket Slim Fit,Fashion,CAT-02,SELLER-0176,115.00,40,2024-08-04
PROD-000376,SKU-000376,Running Sneakers,Fashion,CAT-02,SELLER-0145,228.00,177,2025-10-01
PROD-000377,SKU-000377,Wool Pullover Sweater,Fashion,CAT-02,SELLER-0048,143.00,177,2025-01-24
PROD-000378,SKU-000378,Omega-3 Fish Oil 1000mg,Health & Wellness,CAT-09,SELLER-0045,89.00,55,2024-02-08
PROD-000379,SKU-000379,Foam Roller High-Density,Health & Wellness,CAT-09,SELLER-0185,52.00,359,2024-11-18
PROD-000380,SKU-000380,Dumbbell Set Adjustable 50lb,Sports & Outdoors,CAT-07,SELLER-0119,506.00,257,2023-04-18
PROD-000381,SKU-000380,Yoga Mat 6mm Non-Slip,Sports & Outdoors,CAT-07,SELLER-0082,534.00,440,2025-07-20
PROD-000382,SKU-000382,Vitamin C Serum 30ml,Beauty & Personal Care,CAT-04,SELLER-0121,87.00,350,2024-06-24
PROD-000383,SKU-000383,Resistance Band Set,Sports & Outdoors,CAT-07,SELLER-0103,547.00,80,2025-08-09
PROD-000384,SKU-000384,Noise-Cancelling Earbuds,Electronics,CAT-01,SELLER-0141,448.00,26,2024-06-26
PROD-000385,SKU-000385,Rubiks Cube 3x3,Toys & Games,CAT-06,SELLER-0137,131.00,185,2024-09-17
PROD-000386,SKU-000386,Air Filter K&N,Automotive Parts,CAT-08,SELLER_0027,199.00,387,2024-12-16
PROD-000387,SKU-000387,Spark Plug Iridium Set,Automotive Parts,CAT-08,SELLER-0008,308.00,82,2023-11-23
PROD-000388,SKU-000388,Vitamin C Serum 30ml,Beauty & Personal Care,CAT-04,SELLER-0167,36.00,440,2024-07-03
PROD-000389,SKU-000386,Remote Control Car 4WD,Toys & Games,CAT-06,SELLER-0181,125.00,317,2024-10-28
PROD-000390,SKU-000389,"Mountain Bike 27.5""",Sports & Outdoors,CAT-07,SELLER-0186,417.00,32,2025-07-12
PROD-000391,SKU-000391,Summer Dress Floral,Fashion,CAT-02,SELLER-0098,52.00,79,2025-05-31
PROD-000392,SKU-000392,Cycling Helmet MIPS,Sports & Outdoors,CAT-07,SELLER-0042,135.00,384,2025-03-09
PROD-000393,SKU-000393,USB-C Fast Charger 65W,Electronics,CAT-01,SELLER-0143,984.00,392,2025-06-12
PROD-000394,SKU-000394,Drone Mini with Camera,Toys & Games,CAT-06,SELLER-0088,125.00,115,2023-03-20
PROD-000395,SKU-000395,Denim Jeans Slim,Fashion,CAT-02,SELLER-0154,171.00,469,2025-11-04
PROD-000396,SKU-000396,Rubiks Cube 3x3,Toys & Games,CAT-06,SELLER-0102,77.00,19,2025-10-14
PROD-000397,SKU-000397,Pre-Workout Energy 30 servings,Health & Wellness,CAT-09,SELLER-0021,99.00,359,2025-06-28
PROD-000398,SKU-000398,Probiotic 50 billion CFU,Health & Wellness,CAT-09,SELLER_0027,38.00,105,2024-07-14
PROD-000399,SKU-000399,Sleep Aid Melatonin 5mg,Health & Wellness,CAT-09,SELLER-0135,62.00,416,2024-11-11
PROD-000400,SKU-000400,Stand Mixer 5-Quart,Home & Kitchen,CAT-03,SELLER-0090,366.00,82,2024-09-24
PROD-000401,SKU-000401,"Cast Iron Skillet 12""",Home & Kitchen,CAT-03,SELLER-0017,98.00,457,2023-03-04
PROD-000402,SKU-000402,Remote Control Car 4WD,Toys & Games,CAT-06,SELLER-0123,23.00,182,2023-05-19
PROD-000403,SKU-000403,"Curling Iron 1.25""",Beauty & Personal Care,CAT-04,SELLER-0135,11.00,390,2023-01-27
PROD-000404,SKU-000404,Air Filter K&N,Automotive Parts,CAT-08,SELLER-0199,363.00,34,2024-09-08
PROD-000405,SKU-000405,Stainless Steel Cookware Set,Home & Kitchen,CAT-03,SELLER-0177,344.00,106,2024-06-19
PROD-000406,SKU-000406,Zero to One,Books,CAT-05,SELLER-0057,9.00,408,2023-08-29
PROD-000407,SKU-000405,Sapiens: A Brief History,Books,CAT-05,SELLER-0166,7.00,163,2025-01-08
PROD-000408,SKU-000408,Hiking Backpack 65L,Sports & Outdoors,CAT-07,SELLER-0107,100.00,169,2023-11-14
PROD-000409,SKU-000409,Whey Protein Powder 2lb,Health & Wellness,CAT-09,SELLER-0090,41.00,9,2026-02-08
PROD-000410,SKU-000410,Denim Jeans Slim,Fashion,CAT-02,SELLER-0035,102.00,424,2024-07-22
PROD-000411,SKU-000411,Robot Vacuum Cleaner,Home & Kitchen,CAT-03,SELLER-0127,231.00,245,2023-02-19
PROD-000412,SKU-000408,Stand Mixer 5-Quart,Home & Kitchen,CAT-03,SELLER-0100,231.00,48,2023-08-16
PROD-000413,SKU-000412,Smart Scale Bluetooth,Health & Wellness,CAT-09,SELLER-0055,21.00,114,2023-06-04
PROD-000414,SKU-000414,Memory Foam Pillow,Home & Kitchen,CAT-03,SELLER-0064,50.00,351,2024-10-12
PROD-000415,SKU-000415,Educated: A Memoir,Books,CAT-05,SELLER-0158,16.00,185,2024-04-15
PROD-000416,SKU-000416,Floor Mats All-Weather,Automotive Parts,CAT-08,SELLER-0131,475.00,438,2023-09-16
PROD-000417,SKU-000417,USB-C Fast Charger 65W,Electronics,CAT-01,SELLER-0079,413.00,406,2026-02-23
PROD-000418,SKU-000418,Action Figure Collectible,Toys & Games,CAT-06,SELLER-0117,82.00,321,2024-01-28
PROD-000419,SKU-000419,Cycling Helmet MIPS,Sports & Outdoors,CAT-07,SELLER-0189,205.00,109,2024-12-23
PROD-000420,SKU-000420,Where the Crawdads Sing,Books,CAT-05,SELLER-0149,45.00,42,2024-05-28
PROD-000421,SKU-000421,Canvas Backpack 25L,Fashion,CAT-02,SELLER-0117,126.00,353,2024-09-02
PROD-000422,SKU-000422,Dash Cam 1440p,Automotive Parts,CAT-08,SELLER-9999,60.00,108,2023-10-22
PROD-000423,SKU-000423,Omega-3 Fish Oil 1000mg,Health & Wellness,CAT-09,SELLER-0192,48.00,413,2025-12-12
PROD-000424,SKU-000424,Denim Jeans Slim,Fashion,CAT-02,SELLER-0156,46.00,57,2025-08-14
PROD-000425,SKU-000425,Car Battery 12V 70Ah,Automotive Parts,CAT-08,SELLER-0079,57.00,386,2024-07-01
PROD-000426,SKU-000426,Sapiens: A Brief History,Books,CAT-05,SELLER-0166,59.00,176,2025-10-20
PROD-000427,SKU-000427,Noise-Cancelling Earbuds,Electronics,CAT-01,SELLER-0010,1090.00,87,2024-04-13
PROD-000428,SKU-000428,Nail Polish Long-Lasting Set,Beauty & Personal Care,CAT-04,SELLER-0080,90.00,304,2025-10-15
PROD-000429,SKU-000429,Summer Dress Floral,Fashion,CAT-02,SELLER-0080,217.00,370,2024-11-23
PROD-000430,SKU-000430,Smart Scale Bluetooth,Health & Wellness,CAT-09,SELLER-0177,65.00,399,2024-09-12
PROD-000431,SKU-000431,Air Filter K&N,Automotive Parts,CAT-08,SELLER-0053,281.00,418,2026-04-10
PROD-000432,SKU-000432,Where the Crawdads Sing,Books,CAT-05,SELLER_0101,53.00,-2,2025-09-13
PROD-000433,SKU-000433,Sleep Aid Melatonin 5mg,Health & Wellness,CAT-09,SELLER-0119,34.00,85,2025-04-07
PROD-000434,SKU-000434,Pre-Workout Energy 30 servings,Health & Wellness,CAT-09,SELLER-0185,110.00,164,2023-03-28
PROD-000435,SKU-000435,Educated: A Memoir,Books,CAT-05,SELLER-0054,21.00,127,2025-07-30
PROD-000436,SKU-000436,Running Shoes Trail,Sports & Outdoors,CAT-07,SELLER_0187,21.00,329,2025-10-08
PROD-000437,SKU-000437,Espresso Machine 15-bar,Home & Kitchen,CAT-03,SELLER-0024,381.00,477,2023-04-08
PROD-000438,SKU-000438,Action Camera 4K,Electronics,CAT-01,SELLER-0167,103.00,87,2023-05-27
PROD-000439,SKU-000439,"Thinking, Fast and Slow",Books,CAT-05,SELLER-0106,44.00,234,2024-05-26
PROD-000440,SKU-000440,Cycling Helmet MIPS,Sports & Outdoors,CAT-07,SELLER-0195,500.00,6,2023-08-01
PROD-000441,SKU-000441,Wool Pullover Sweater,Fashion,CAT-02,SELLER-0025,196.00,56,2024-04-18
PROD-000442,SKU-000442,"Mountain Bike 27.5""",Sports & Outdoors,CAT-07,SELLER-0028,557.00,35,2024-02-03
PROD-000443,SKU-000443,Leather Wallet Bifold,Fashion,CAT-02,SELLER-0102,164.00,423,2024-02-26
PROD-000444,SKU-000444,Stainless Steel Cookware Set,Home & Kitchen,CAT-03,SELLER-0100,361.00,5,2025-05-25
PROD-000445,SKU-000445,Moisturizing Cream SPF50,Beauty & Personal Care,CAT-04,SELLER-0036,25.00,398,2023-02-06
PROD-000446,SKU-000446,Educated: A Memoir,Books,CAT-05,SELLER-0056,31.00,315,2024-04-13
PROD-000447,SKU-000447,Clean Code,Books,CAT-05,SELLER-0109,58.00,108,2023-04-05
PROD-000448,SKU-000446,Where the Crawdads Sing,Books,CAT-05,SELLER-0170,57.00,379,2023-05-20
PROD-000449,SKU-000449,"Mountain Bike 27.5""",Sports & Outdoors,CAT-07,SELLER-0142,153.00,-2,2025-11-28
PROD-000450,SKU-000450,Polarized Sunglasses,Fashion,CAT-02,SELLER-0173,15.00,254,2025-07-20
PROD-000451,SKU-000451,"Cast Iron Skillet 12""",Home & Kitchen,CAT-03,SELLER-0191,378.00,428,2023-04-12
PROD-000452,SKU-000452,"Curling Iron 1.25""",Beauty & Personal Care,CAT-04,SELLER-0175,37.00,447,2026-01-31
PROD-000453,SKU-000453,Knife Set 8-Piece,Home & Kitchen,CAT-03,SELLER-0077,113.00,19,2024-01-12
PROD-000454,SKU-000454,Atomic Habits,Books,CAT-05,SELLER-0079,9.00,85,2026-04-14
PROD-000455,SKU-000455,Denim Jeans Slim,Fashion,CAT-02,SELLER-0045,133.00,390,2023-01-13
PROD-000456,SKU-000456,The Pragmatic Programmer,Books,CAT-05,SELLER-0009,55.00,66,2025-04-05
PROD-000457,SKU-000453,Zero to One,Books,CAT-05,SELLER-0068,27.00,386,2023-01-04
PROD-000458,SKU-000458,Cycling Helmet MIPS,Sports & Outdoors,CAT-07,SELLER-0139,459.00,289,2024-05-29
PROD-000459,SKU-000459,Perfume Eau de Parfum 100ml,Beauty & Personal Care,CAT-04,SELLER-0120,40.00,462,2024-05-20
PROD-000460,SKU-000460,LEGO Classic Building Bricks,Toys & Games,CAT-06,SELLER-0051,25.00,232,2024-12-21
PROD-000461,SKU-000461,Where the Crawdads Sing,Books,CAT-05,SELLER-0054,38.00,40,2024-05-11
PROD-000462,SKU-000462,Hiking Backpack 65L,Sports & Outdoors,CAT-07,SELLER-0081,137.00,367,2023-03-26
PROD-000463,SKU-000463,Polarized Sunglasses,Fashion,CAT-02,SELLER-0153,203.00,165,2025-06-09
PROD-000464,SKU-000464,Massage Gun Percussion,Health & Wellness,CAT-09,SELLER-0011,48.00,67,2025-01-06
PROD-000465,SKU-000465,Air Filter K&N,Automotive Parts,CAT-08,SELLER-0092,285.00,405,2024-12-20
PROD-000466,SKU-000466,Canvas Backpack 25L,Fashion,CAT-02,SELLER-0024,166.00,306,2025-06-25
PROD-000467,SKU-000467,Brake Pads Front Set,Automotive Parts,CAT-08,SELLER-0058,182.00,315,2024-12-18
PROD-000468,SKU-000468,Wi-Fi 6 Router AX3000,Electronics,CAT-01,SELLER-0035,374.00,120,2023-09-23
PROD-000469,SKU-000469,Soccer Ball FIFA Approved,Sports & Outdoors,CAT-07,SELLER-0115,174.00,190,2024-06-22
PROD-000470,SKU-000470,"4K Smart TV 55""",Electronics,CAT-01,SELLER-0197,488.00,376,2023-03-20
PROD-000471,SKU-000471,Electric Toothbrush Sonic,Beauty & Personal Care,CAT-04,SELLER-0197,27.00,392,2025-12-11
PROD-000472,SKU-000472,Robot Vacuum Cleaner,Home & Kitchen,CAT-03,SELLER-0190,294.00,59,2025-09-16
PROD-000473,SKU-000473,Clean Code,Books,CAT-05,SELLER-0047,33.00,120,2024-07-25
PROD-000474,SKU-000474,Running Sneakers,Fashion,CAT-02,SELLER_0101,238.00,190,2023-02-23
PROD-000475,SKU-000475,Yoga Block Cork,Health & Wellness,CAT-09,SELLER-0075,101.00,33,2023-07-04
PROD-000476,SKU-000476,Running Shoes Trail,Sports & Outdoors,CAT-07,SELLER-0108,147.00,497,2023-10-28
PROD-000477,SKU-000477,Monopoly Classic Edition,Toys & Games,CAT-06,SELLER_0187,147.00,352,2024-11-10
PROD-000478,SKU-000478,Massage Gun Percussion,Health & Wellness,CAT-09,SELLER-0039,91.00,152,2025-09-21
PROD-000479,SKU-000479,Whey Protein Powder 2lb,Health & Wellness,CAT-09,SELLER-0040,24.00,379,2024-10-20
PROD-000480,SKU-000480,Stand Mixer 5-Quart,Home & Kitchen,CAT-03,SELLER-0046,283.00,315,2023-11-09
PROD-000481,SKU-000481,Noise-Cancelling Earbuds,Electronics,CAT-01,SELLER-0018,483.00,58,2025-01-14
PROD-000482,SKU-000479,Hair Straightener Ceramic,Beauty & Personal Care,CAT-04,SELLER-0137,50.00,478,2023-05-17
PROD-000483,SKU-000483,Spark Plug Iridium Set,Automotive Parts,CAT-08,SELLER-0035,656.00,-2,2025-11-19
PROD-000484,SKU-000484,LED Headlight Bulb H7,Automotive Parts,CAT-08,SELLER-0112,191.00,326,2024-06-21
PROD-000485,SKU-000485,Sleep Aid Melatonin 5mg,Health & Wellness,CAT-09,SELLER-0015,62.00,165,2023-01-31
PROD-000486,SKU-000486,LEGO Classic Building Bricks,Toys & Games,CAT-06,SELLER-0121,76.00,396,2024-01-30
PROD-000487,SKU-000487,Stainless Steel Cookware Set,Home & Kitchen,CAT-03,SELLER-0198,98.00,136,2024-04-03
PROD-000488,SKU-000488,Running Sneakers,Fashion,CAT-02,SELLER_0187,241.00,359,2023-01-10
PROD-000489,SKU-000489,Remote Control Car 4WD,Toys & Games,CAT-06,SELLER-0052,131.00,254,2026-04-22
PROD-000490,SKU-000490,Nail Polish Long-Lasting Set,Beauty & Personal Care,CAT-04,SELLER-0014,60.00,246,2024-12-16
PROD-000491,SKU-000491,Stainless Steel Cookware Set,Home & Kitchen,CAT-03,SELLER_0027,387.00,60,2023-02-22
PROD-000492,SKU-000492,USB-C Fast Charger 65W,Electronics,CAT-01,SELLER-0093,145.00,205,2024-06-30
PROD-000493,SKU-000493,Where the Crawdads Sing,Books,CAT-05,SELLER-0147,50.00,480,2024-08-16
PROD-000494,SKU-000494,Resistance Band Set,Sports & Outdoors,CAT-07,SELLER-0077,151.00,174,2025-05-22
PROD-000495,SKU-000495,Action Camera 4K,Electronics,CAT-01,SELLER-0022,294.00,45,2023-12-15
PROD-000496,SKU-000496,Massage Gun Percussion,Health & Wellness,CAT-09,SELLER_0027,46.00,253,2024-09-17
PROD-000497,SKU-000497,Tire Pressure Monitor,Automotive Parts,CAT-08,SELLER-0030,226.00,209,2025-01-10
PROD-000498,SKU-000498,Tire Pressure Monitor,Automotive Parts,CAT-08,SELLER-0185,677.00,246,2024-12-11
PROD-000499,SKU-000499,Memory Foam Pillow,Home & Kitchen,CAT-03,SELLER-0117,354.00,375,2024-07-17
PROD-000500,SKU-000500,Sport Watch Stainless,Fashion,CAT-02,SELLER-0178,106.00,95,2024-08-20
PROD-000501,SKU-000501,Clean Code,Books,CAT-05,SELLER-0154,43.00,485,2023-10-12
PROD-000502,SKU-000502,Electric Toothbrush Sonic,Beauty & Personal Care,CAT-04,SELLER-0120,55.00,32,2023-05-25
PROD-000503,SKU-000503,LEGO Classic Building Bricks,Toys & Games,CAT-06,SELLER-0062,49.00,66,2024-06-17
PROD-000504,SKU-000504,Robot Vacuum Cleaner,Home & Kitchen,CAT-03,SELLER-0147,392.00,354,2026-02-25
PROD-000505,SKU-000505,Multivitamin 90 tablets,Health & Wellness,CAT-09,SELLER-0033,79.00,368,2024-08-22
PROD-000506,SKU-000506,Sleep Aid Melatonin 5mg,Health & Wellness,CAT-09,SELLER_0101,53.00,136,2023-05-05
PROD-000507,SKU-000507,Canvas Backpack 25L,Fashion,CAT-02,SELLER-0067,71.00,144,2025-06-01
PROD-000508,SKU-000508,Egyptian Cotton Sheet Set,Home & Kitchen,CAT-03,SELLER-0121,221.00,78,2025-11-29
PROD-000509,SKU-000509,Designing Data-Intensive Applications,Books,CAT-05,SELLER-0047,57.00,408,2023-09-02
PROD-000510,SKU-000510,Mechanical Gaming Keyboard,Electronics,CAT-01,SELLER-0044,902.00,199,2025-12-26
PROD-000511,SKU-000511,Cycling Helmet MIPS,Sports & Outdoors,CAT-07,SELLER-0191,-524.00,68,2023-11-22
PROD-000512,SKU-000512,Whey Protein Powder 2lb,Health & Wellness,CAT-09,SELLER-0013,47.00,126,2025-10-14
PROD-000513,SKU-000513,Summer Dress Floral,Fashion,CAT-02,SELLER-0078,152.00,92,2025-09-30
PROD-000514,SKU-000514,Whey Protein Powder 2lb,Health & Wellness,CAT-09,SELLER-0045,38.00,490,2024-11-02
PROD-000515,SKU-000515,Mechanical Gaming Keyboard,Electronics,CAT-01,SELLER-0157,616.00,468,2025-07-29
PROD-000516,SKU-000516,Air Filter K&N,Automotive Parts,CAT-08,SELLER-0045,334.00,224,2025-11-12
PROD-000517,SKU-000517,Stainless Steel Cookware Set,Home & Kitchen,CAT-03,SELLER-0117,106.00,449,2023-03-05
PROD-000518,SKU-000518,Action Camera 4K,Electronics,CAT-01,SELLER-0104,992.00,465,2025-07-25
PROD-000519,SKU-000519,Hair Dryer Ionic 1875W,Beauty & Personal Care,CAT-04,SELLER-0074,71.00,276,2025-02-23
PROD-000520,SKU-000520,Beard Trimmer Cordless,Beauty & Personal Care,CAT-04,SELLER-0094,80.00,333,2026-02-20
PROD-000521,SKU-000519,Stand Mixer 5-Quart,Home & Kitchen,CAT-03,SELLER-0005,366.00,21,2026-03-07
PROD-000522,SKU-000522,Yoga Mat 6mm Non-Slip,Sports & Outdoors,CAT-07,SELLER-0059,207.00,171,2023-05-04
PROD-000523,SKU-000523,Floor Mats All-Weather,Automotive Parts,CAT-08,SELLER-0005,625.00,154,2023-08-13
PROD-000524,SKU-000524,"Mountain Bike 27.5""",Sports & Outdoors,CAT-07,SELLER-0170,47.00,135,2025-11-13
PROD-000525,SKU-000525,LEGO Classic Building Bricks,Toys & Games,CAT-06,SELLER-0016,133.00,413,2025-01-16
PROD-000526,SKU-000526,Wi-Fi 6 Router AX3000,Electronics,CAT-01,SELLER-0040,710.00,423,2023-11-30
PROD-000527,SKU-000527,Atomic Habits,Books,CAT-05,SELLER-0081,54.00,281,2025-02-08
PROD-000528,SKU-000528,Sleep Aid Melatonin 5mg,Health & Wellness,CAT-09,SELLER-9999,30.00,325,2023-11-24
PROD-000529,SKU-000529,Memory Foam Pillow,Home & Kitchen,CAT-03,SELLER-0168,244.00,260,2024-02-26
PROD-000530,SKU-000530,Wooden Puzzle 1000 pcs,Toys & Games,CAT-06,SELLER-0113,41.00,453,2023-10-25
PROD-000531,SKU-000531,Sleep Aid Melatonin 5mg,Health & Wellness,CAT-09,SELLER-0122,85.00,436,2025-12-28
PROD-000532,SKU-000532,"Curling Iron 1.25""",Beauty & Personal Care,CAT-04,SELLER-0156,75.00,1,2024-08-07
PROD-000533,SKU-000533,Dumbbell Set Adjustable 50lb,Sports & Outdoors,CAT-07,SELLER-0024,135.00,116,2026-03-02
PROD-000534,SKU-000534,Electric Toothbrush Sonic,Beauty & Personal Care,CAT-04,SELLER-0064,38.00,172,2025-03-13
PROD-000535,SKU-000535,Educational Tablet Kids,Toys & Games,CAT-06,SELLER-0124,117.00,30,2025-01-15
PROD-000536,SKU-000536,Atomic Habits,Books,CAT-05,SELLER-0095,51.00,85,2025-06-16
PROD-000537,SKU-000537,USB-C Fast Charger 65W,Electronics,CAT-01,SELLER-0019,1056.00,171,2024-12-19
PROD-000538,SKU-000538,Sapiens: A Brief History,Books,CAT-05,SELLER-0159,38.00,278,2023-04-30
PROD-000539,SKU-000539,Cycling Helmet MIPS,Sports & Outdoors,CAT-07,SELLER-0081,341.00,340,2023-08-18
PROD-000540,SKU-000540,Polarized Sunglasses,Fashion,CAT-02,SELLER-0135,205.00,360,2023-03-28
PROD-000541,SKU-000541,Dash Cam 1440p,Automotive Parts,CAT-08,SELLER-0104,662.00,380,2025-10-03
PROD-000542,SKU-000542,Wi-Fi 6 Router AX3000,Electronics,CAT-01,SELLER-0159,350.00,396,2024-11-24
PROD-000543,SKU-000543,Canvas Backpack 25L,Fashion,CAT-02,SELLER-0109,222.00,219,2025-01-16
PROD-000544,SKU-000544,Dash Cam 1440p,Automotive Parts,CAT-08,SELLER-0011,463.00,44,2025-07-30
PROD-000545,SKU-000545,Memory Foam Pillow,Home & Kitchen,CAT-03,SELLER-0174,54.00,117,2025-05-14
PROD-000546,SKU-000546,Pre-Workout Energy 30 servings,Health & Wellness,CAT-09,SELLER-0075,114.00,158,2026-01-18
PROD-000547,SKU-000547,Sport Watch Stainless,Fashion,CAT-02,SELLER-0044,72.00,291,2023-03-06
PROD-000548,SKU-000548,Air Fryer 5L,Home & Kitchen,CAT-03,SELLER-0011,370.00,83,2024-07-18
PROD-000549,SKU-000549,Where the Crawdads Sing,Books,CAT-05,SELLER-0121,57.00,120,2025-06-12
PROD-000550,SKU-000550,Soccer Ball FIFA Approved,Sports & Outdoors,CAT-07,SELLER-0177,217.00,77,2023-06-17
PROD-000551,SKU-000551,Educated: A Memoir,Books,CAT-05,SELLER-0127,11.00,481,2025-04-01
PROD-000552,SKU-000552,Dash Cam 1440p,Automotive Parts,CAT-08,SELLER-0153,531.00,40,2024-05-28
PROD-000553,SKU-000553,Sleep Aid Melatonin 5mg,Health & Wellness,CAT-09,SELLER-0145,49.00,490,2025-05-03
PROD-000554,SKU-000554,Resistance Band Set,Sports & Outdoors,CAT-07,SELLER-0010,416.00,301,2024-01-22
PROD-000555,SKU-000555,Hair Straightener Ceramic,Beauty & Personal Care,CAT-04,SELLER_0132,30.00,451,2024-09-17
PROD-000556,SKU-000556,Mechanical Gaming Keyboard,Electronics,CAT-01,SELLER-0057,192.00,81,2023-09-16
PROD-000557,SKU-000557,Air Filter K&N,Automotive Parts,CAT-08,SELLER-0137,120.00,435,2024-04-27
PROD-000558,SKU-000558,Smart Scale Bluetooth,Health & Wellness,CAT-09,SELLER-0139,86.00,26,2025-02-04
PROD-000559,SKU-000559,Denim Jeans Slim,Fashion,CAT-02,SELLER-0065,84.00,125,2024-11-11
PROD-000560,SKU-000560,Stuffed Animal Plush,Toys & Games,CAT-06,SELLER-0177,50.00,386,2023-01-28
PROD-000561,SKU-000561,Running Sneakers,Fashion,CAT-02,SELLER-0016,198.00,312,2024-01-05
PROD-000562,SKU-000562,Car Battery 12V 70Ah,Automotive Parts,CAT-08,SELLER-0054,587.00,71,2025-10-30
PROD-000563,SKU-000563,Whey Protein Powder 2lb,Health & Wellness,CAT-09,SELLER-0140,39.00,-5,2024-01-04
PROD-000564,SKU-000564,Leather Jacket Slim Fit,Fashion,CAT-02,SELLER-0019,183.00,345,2025-11-11
PROD-000565,SKU-000565,Air Filter K&N,Automotive Parts,CAT-08,SELLER-0095,205.00,310,2026-03-01
PROD-000566,SKU-000562,Floor Mats All-Weather,Automotive Parts,CAT-08,SELLER-0145,250.00,352,2025-07-13
PROD-000567,SKU-000567,Air Filter K&N,Automotive Parts,CAT-08,SELLER-0016,294.00,258,2024-12-16
PROD-000568,SKU-000568,USB-C Fast Charger 65W,Electronics,CAT-01,SELLER-0116,982.00,303,2025-01-09
PROD-000569,SKU-000569,Beard Trimmer Cordless,Beauty & Personal Care,CAT-04,SELLER-0015,55.00,192,2023-01-05
PROD-000570,SKU-000570,Smartphone Pro Max,Electronics,CAT-01,SELLER-0068,1179.00,412,2024-03-07
PROD-000571,SKU-000571,Atomic Habits,Books,CAT-05,SELLER-0068,14.00,304,2025-06-14
PROD-000572,SKU-000572,Smart Watch Fitness Tracker,Electronics,CAT-01,SELLER-0082,883.00,173,2023-05-16
PROD-000573,SKU-000573,Cotton T-Shirt Unisex,Fashion,CAT-02,SELLER-0054,117.00,39,2023-06-14
PROD-000574,SKU-000570,Rubiks Cube 3x3,Toys & Games,CAT-06,SELLER-0094,133.00,296,2024-06-24
PROD-000575,SKU-000575,Electric Toothbrush Sonic,Beauty & Personal Care,CAT-04,SELLER-0092,40.00,307,2023-12-06
PROD-000576,SKU-000576,Bamboo Cutting Board,Home & Kitchen,CAT-03,SELLER-0197,346.00,378,2026-01-24
PROD-000577,SKU-000577,Board Game Catan,Toys & Games,CAT-06,SELLER-0051,77.00,193,2025-11-10
PROD-000578,SKU-000578,Moisturizing Cream SPF50,Beauty & Personal Care,CAT-04,SELLER-0119,88.00,488,2025-11-02
PROD-000579,SKU-000579,Engine Oil 5W-30 5L,Automotive Parts,CAT-08,SELLER-0006,781.00,376,2023-07-13
PROD-000580,SKU-000580,Soccer Ball FIFA Approved,Sports & Outdoors,CAT-07,SELLER-0058,538.00,97,2025-10-29
PROD-000581,SKU-000581,Probiotic 50 billion CFU,Health & Wellness,CAT-09,SELLER-0112,10.00,407,2024-01-13
PROD-000582,SKU-000582,Stand Mixer 5-Quart,Home & Kitchen,CAT-03,SELLER-9999,166.00,187,2024-11-23
PROD-000583,SKU-000583,Massage Gun Percussion,Health & Wellness,CAT-09,SELLER_0072,89.00,281,2024-10-28
PROD-000584,SKU-000584,Sleep Aid Melatonin 5mg,Health & Wellness,CAT-09,SELLER-0126,12.00,-4,2023-07-12
PROD-000585,SKU-000585,"Wiper Blades 22""",Automotive Parts,CAT-08,SELLER-0055,511.00,445,2023-06-12
PROD-000586,SKU-000586,"Mountain Bike 27.5""",Sports & Outdoors,CAT-07,SELLER-0051,273.00,63,2025-06-15
PROD-000587,SKU-000587,Summer Dress Floral,Fashion,CAT-02,SELLER-0097,124.00,453,2025-12-21
PROD-000588,SKU-000588,Memory Foam Pillow,Home & Kitchen,CAT-03,SELLER_0132,398.00,197,2026-02-17
PROD-000589,SKU-000589,Whey Protein Powder 2lb,Health & Wellness,CAT-09,SELLER-0131,31.00,46,2023-07-02
PROD-000590,SKU-000590,Cotton T-Shirt Unisex,Fashion,CAT-02,SELLER-0114,172.00,270,2024-06-22
PROD-000591,SKU-000591,Hiking Backpack 65L,Sports & Outdoors,CAT-07,SELLER-0079,576.00,230,2024-11-28
PROD-000592,SKU-000592,Polarized Sunglasses,Fashion,CAT-02,SELLER-0008,194.00,237,2023-04-30
PROD-000593,SKU-000593,The Lean Startup,Books,CAT-05,SELLER-0031,55.00,199,2025-10-04
PROD-000594,SKU-000594,Espresso Machine 15-bar,Home & Kitchen,CAT-03,SELLER-0069,306.00,71,2023-03-27
PROD-000595,SKU-000595,Omega-3 Fish Oil 1000mg,Health & Wellness,CAT-09,SELLER-0038,81.00,105,2024-01-28
PROD-000596,SKU-000596,Vitamin C Serum 30ml,Beauty & Personal Care,CAT-04,SELLER-0030,11.00,47,2026-01-26
PROD-000597,SKU-000597,The Lean Startup,Books,CAT-05,SELLER-0160,14.00,42,2023-12-18
PROD-000598,SKU-000598,Floor Mats All-Weather,Automotive Parts,CAT-08,SELLER-0015,357.00,491,2023-08-09
PROD-000599,SKU-000599,Zero to One,Books,CAT-05,SELLER-0022,29.00,222,2024-01-30
PROD-000600,SKU-000600,"Wiper Blades 22""",Automotive Parts,CAT-08,SELLER-0021,38.00,210,2024-07-04
PROD-000601,SKU-000601,Massage Gun Percussion,Health & Wellness,CAT-09,SELLER-0059,65.00,30,2024-12-01
PROD-000602,SKU-000602,Dash Cam 1440p,Automotive Parts,CAT-08,SELLER-0008,23.00,470,2024-04-15
PROD-000603,SKU-000603,Educated: A Memoir,Books,CAT-05,SELLER-0106,38.00,372,2025-04-14
PROD-000604,SKU-000604,Espresso Machine 15-bar,Home & Kitchen,CAT-03,SELLER-0092,226.00,444,2024-12-05
PROD-000605,SKU-000605,Running Shoes Trail,Sports & Outdoors,CAT-07,SELLER-0167,266.00,79,2025-05-08
PROD-000606,SKU-000606,Stand Mixer 5-Quart,Home & Kitchen,CAT-03,SELLER-0154,161.00,348,2025-01-20
PROD-000607,SKU-000607,Floor Mats All-Weather,Automotive Parts,CAT-08,SELLER-0200,704.00,315,2026-01-21
PROD-000608,SKU-000608,Noise-Cancelling Earbuds,Electronics,CAT-01,SELLER-0144,379.00,106,2023-06-26
PROD-000609,SKU-000609,Multivitamin 90 tablets,Health & Wellness,CAT-09,SELLER-0178,118.00,170,2023-05-16
PROD-000610,SKU-000607,Memory Foam Pillow,Home & Kitchen,CAT-03,SELLER-0069,167.00,116,2025-05-03
PROD-000611,SKU-000611,Educated: A Memoir,Books,CAT-05,SELLER-0040,54.00,236,2024-05-25
PROD-000612,SKU-000612,Sleep Aid Melatonin 5mg,Health & Wellness,CAT-09,SELLER-9999,34.00,270,2025-02-15
PROD-000613,SKU-000613,"Cast Iron Skillet 12""",Home & Kitchen,CAT-03,SELLER-0130,218.00,115,2024-10-09
PROD-000614,SKU-000614,Remote Control Car 4WD,Toys & Games,CAT-06,SELLER-0029,84.00,344,2024-02-23
PROD-000615,SKU-000615,USB-C Fast Charger 65W,Electronics,CAT-01,SELLER-0114,951.00,196,2023-08-25
PROD-000616,SKU-000616,"4K Smart TV 55""",Electronics,CAT-01,SELLER-0091,1019.00,133,2024-08-06
PROD-000617,SKU-000617,Cotton T-Shirt Unisex,Fashion,CAT-02,SELLER-0167,51.00,332,2023-06-09
PROD-000618,SKU-000618,Foam Roller High-Density,Health & Wellness,CAT-09,SELLER-0079,95.00,402,2024-01-25
PROD-000619,SKU-000619,Tire Pressure Monitor,Automotive Parts,CAT-08,SELLER-0058,169.00,-5,2023-05-28
PROD-000620,SKU-000620,Camping Tent 4-Person,Sports & Outdoors,CAT-07,SELLER-0191,538.00,349,2025-03-30
PROD-000621,SKU-000621,Leather Wallet Bifold,Fashion,CAT-02,SELLER-0172,107.00,161,2025-08-20
PROD-000622,SKU-000622,Nail Polish Long-Lasting Set,Beauty & Personal Care,CAT-04,SELLER-0140,68.00,263,2024-05-18
PROD-000623,SKU-000623,Air Fryer 5L,Home & Kitchen,CAT-03,SELLER-0041,298.00,445,2024-04-07
PROD-000624,SKU-000624,Air Fryer 5L,Home & Kitchen,CAT-03,SELLER-0179,269.00,236,2023-07-22
PROD-000625,SKU-000625,Whey Protein Powder 2lb,Health & Wellness,CAT-09,SELLER-0179,120.00,409,2023-10-05
PROD-000626,SKU-000626,Nail Polish Long-Lasting Set,Beauty & Personal Care,CAT-04,SELLER-0085,56.00,66,2023-07-18
PROD-000627,SKU-000627,Omega-3 Fish Oil 1000mg,Health & Wellness,CAT-09,SELLER-0199,58.00,252,2025-07-01
PROD-000628,SKU-000628,Summer Dress Floral,Fashion,CAT-02,SELLER-0163,222.00,481,2024-09-04
PROD-000629,SKU-000629,"Curling Iron 1.25""",Beauty & Personal Care,CAT-04,SELLER-0090,61.00,216,2023-08-21
PROD-000630,SKU-000630,Spark Plug Iridium Set,Automotive Parts,CAT-08,SELLER-0091,137.00,112,2023-08-22
PROD-000631,SKU-000631,Hiking Backpack 65L,Sports & Outdoors,CAT-07,SELLER-0157,40.00,155,2024-01-06
PROD-000632,SKU-000632,Moisturizing Cream SPF50,Beauty & Personal Care,CAT-04,SELLER-0153,81.00,14,2023-07-10
PROD-000633,SKU-000633,The Pragmatic Programmer,Books,CAT-05,SELLER-0191,51.00,361,2024-09-17
PROD-000634,SKU-000631,Educational Tablet Kids,Toys & Games,CAT-06,SELLER-0102,19.00,292,2024-07-24
PROD-000635,SKU-000635,Electric Toothbrush Sonic,Beauty & Personal Care,CAT-04,SELLER_0027,29.00,34,2024-01-04
PROD-000636,SKU-000635,Electric Toothbrush Sonic,Beauty & Personal Care,CAT-04,SELLER-0083,65.00,174,2025-04-06
PROD-000637,SKU-000637,Hair Straightener Ceramic,Beauty & Personal Care,CAT-04,SELLER-0174,29.00,116,2023-09-27
PROD-000638,SKU-000638,Car Battery 12V 70Ah,Automotive Parts,CAT-08,SELLER-0174,283.00,476,2023-11-05
PROD-000639,SKU-000639,Board Game Catan,Toys & Games,CAT-06,SELLER-0096,147.00,138,2025-12-29
PROD-000640,SKU-000640,Wooden Puzzle 1000 pcs,Toys & Games,CAT-06,SELLER-0104,85.00,79,2026-04-16
PROD-000641,SKU-000640,Leather Jacket Slim Fit,Fashion,CAT-02,SELLER-0144,107.00,497,2023-04-08
PROD-000642,SKU-000642,Canvas Backpack 25L,Fashion,CAT-02,SELLER-0129,220.00,322,2025-05-09
PROD-000643,SKU-000643,Yoga Mat 6mm Non-Slip,Sports & Outdoors,CAT-07,SELLER-0118,475.00,290,2025-04-17
PROD-000644,SKU-000644,Nail Polish Long-Lasting Set,Beauty & Personal Care,CAT-04,SELLER-0141,63.00,402,2025-11-11
PROD-000645,SKU-000645,Educational Tablet Kids,Toys & Games,CAT-06,SELLER-0050,28.00,28,2023-03-31
PROD-000646,SKU-000646,Soccer Ball FIFA Approved,Sports & Outdoors,CAT-07,SELLER-0014,537.00,216,2026-04-10
PROD-000647,SKU-000647,Moisturizing Cream SPF50,Beauty & Personal Care,CAT-04,SELLER-0178,75.00,435,2023-09-08
PROD-000648,SKU-000648,Electric Toothbrush Sonic,Beauty & Personal Care,CAT-04,SELLER-0045,18.00,394,2025-03-11
PROD-000649,SKU-000649,LEGO Classic Building Bricks,Toys & Games,CAT-06,SELLER-0107,116.00,53,2025-04-13
PROD-000650,SKU-000650,Floor Mats All-Weather,Automotive Parts,CAT-08,SELLER-0117,581.00,90,2024-05-17
PROD-000651,SKU-000651,Mechanical Gaming Keyboard,Electronics,CAT-01,SELLER_0063,170.00,405,2025-08-21
PROD-000652,SKU-000652,Omega-3 Fish Oil 1000mg,Health & Wellness,CAT-09,SELLER-0170,85.00,393,2024-03-21
PROD-000653,SKU-000653,Stainless Steel Cookware Set,Home & Kitchen,CAT-03,SELLER-0120,348.00,271,2023-11-11
PROD-000654,SKU-000654,Zero to One,Books,CAT-05,SELLER-0189,43.00,420,2024-03-23
PROD-000655,SKU-000655,The Lean Startup,Books,CAT-05,SELLER-0008,47.00,343,2025-09-20
PROD-000656,SKU-000656,Smart Watch Fitness Tracker,Electronics,CAT-01,SELLER-0057,932.00,118,2023-07-07
PROD-000657,SKU-000657,Zero to One,Books,CAT-05,SELLER-0064,51.00,391,2023-02-28
PROD-000658,SKU-000658,Wireless Bluetooth Headphones,Electronics,CAT-01,SELLER-9999,461.00,404,2023-04-30
PROD-000659,SKU-000659,Action Figure Collectible,Toys & Games,CAT-06,SELLER-0113,150.00,276,2025-09-02
PROD-000660,SKU-000660,Atomic Habits,Books,CAT-05,SELLER-0193,32.00,434,2023-04-08
PROD-000661,SKU-000661,Sapiens: A Brief History,Books,CAT-05,SELLER-0053,26.00,310,2024-12-28
PROD-000662,SKU-000662,"Thinking, Fast and Slow",Books,CAT-05,SELLER-0107,11.00,142,2024-04-27
PROD-000663,SKU-000663,Wool Pullover Sweater,Fashion,CAT-02,SELLER-0077,62.00,310,2025-06-19
PROD-000664,SKU-000664,Rubiks Cube 3x3,Toys & Games,CAT-06,SELLER-0153,28.00,178,2024-12-20
PROD-000665,SKU-000665,Cycling Helmet MIPS,Sports & Outdoors,CAT-07,SELLER-0095,360.00,242,2023-08-17
PROD-000666,SKU-000666,Running Shoes Trail,Sports & Outdoors,CAT-07,SELLER-0041,318.00,361,2024-07-13
PROD-000667,SKU-000667,Floor Mats All-Weather,Automotive Parts,CAT-08,SELLER-0008,671.00,48,2024-05-27
PROD-000668,SKU-000668,Zero to One,Books,CAT-05,SELLER-0169,39.00,485,2025-04-10
PROD-000669,SKU-000669,"Wiper Blades 22""",Automotive Parts,CAT-08,SELLER-0121,753.00,130,2025-12-27
PROD-000670,SKU-000670,Air Fryer 5L,Home & Kitchen,CAT-03,SELLER-0073,400.00,17,2025-06-07
PROD-000671,SKU-000671,Dumbbell Set Adjustable 50lb,Sports & Outdoors,CAT-07,SELLER-0048,352.00,420,2025-04-19
PROD-000672,SKU-000672,Remote Control Car 4WD,Toys & Games,CAT-06,SELLER_0027,134.00,241,2024-01-21
PROD-000673,SKU-000673,The Lean Startup,Books,CAT-05,SELLER-0010,6.00,136,2024-11-01
PROD-000674,SKU-000674,Vitamin C Serum 30ml,Beauty & Personal Care,CAT-04,SELLER-0010,44.00,56,2025-11-19
PROD-000675,SKU-000675,Action Camera 4K,Electronics,CAT-01,SELLER-0150,244.00,495,2026-01-31
PROD-000676,SKU-000676,Action Camera 4K,Electronics,CAT-01,SELLER-0096,535.00,389,2024-06-06
PROD-000677,SKU-000677,Soccer Ball FIFA Approved,Sports & Outdoors,CAT-07,SELLER-0043,54.00,42,2025-10-16
PROD-000678,SKU-000678,Stainless Steel Cookware Set,Home & Kitchen,CAT-03,SELLER-9999,131.00,435,2025-01-31
PROD-000679,SKU-000679,Sport Watch Stainless,Fashion,CAT-02,SELLER-0149,219.00,360,2024-04-29
PROD-000680,SKU-000680,Leather Wallet Bifold,Fashion,CAT-02,SELLER-0172,138.00,366,2024-01-08
PROD-000681,SKU-000681,Car Battery 12V 70Ah,Automotive Parts,CAT-08,SELLER-0153,525.00,473,2026-04-09
PROD-000682,SKU-000682,Educational Tablet Kids,Toys & Games,CAT-06,SELLER-0081,146.00,282,2025-10-13
PROD-000683,SKU-000683,Drone Mini with Camera,Toys & Games,CAT-06,SELLER-0194,-20.00,339,2024-06-19
PROD-000684,SKU-000684,Stand Mixer 5-Quart,Home & Kitchen,CAT-03,SELLER-0144,77.00,276,2024-11-19
PROD-000685,SKU-000685,Sleep Aid Melatonin 5mg,Health & Wellness,CAT-09,SELLER-0071,30.00,99,2025-08-25
PROD-000686,SKU-000686,Nail Polish Long-Lasting Set,Beauty & Personal Care,CAT-04,SELLER-0064,28.00,400,2024-01-10
PROD-000687,SKU-000687,Knife Set 8-Piece,Home & Kitchen,CAT-03,SELLER-0131,149.00,300,2023-11-08
PROD-000688,SKU-000686,Floor Mats All-Weather,Automotive Parts,CAT-08,SELLER-0142,180.00,314,2025-03-07
PROD-000689,SKU-000689,Vitamin C Serum 30ml,Beauty & Personal Care,CAT-04,SELLER-0152,31.00,480,2023-08-20
PROD-000690,SKU-000690,Moisturizing Cream SPF50,Beauty & Personal Care,CAT-04,SELLER-0183,79.00,375,2023-10-02
PROD-000691,SKU-000691,LED Headlight Bulb H7,Automotive Parts,CAT-08,SELLER-0150,92.00,297,2024-12-12
PROD-000692,SKU-000692,LEGO Classic Building Bricks,Toys & Games,CAT-06,SELLER-0010,66.00,220,2023-10-12
PROD-000693,SKU-000692,Probiotic 50 billion CFU,Health & Wellness,CAT-09,SELLER-0105,74.00,439,2026-03-19
PROD-000694,SKU-000694,USB-C Fast Charger 65W,Electronics,CAT-01,SELLER-0019,1120.00,170,2024-11-06
PROD-000695,SKU-000695,Moisturizing Cream SPF50,Beauty & Personal Care,CAT-04,SELLER-0032,69.00,473,2025-08-14
PROD-000696,SKU-000696,"Thinking, Fast and Slow",Books,CAT-05,SELLER-0094,16.00,439,2025-02-21
PROD-000697,SKU-000697,Nail Polish Long-Lasting Set,Beauty & Personal Care,CAT-04,SELLER-0108,89.00,292,2023-12-17
PROD-000698,SKU-000698,Running Shoes Trail,Sports & Outdoors,CAT-07,SELLER-0119,200.00,37,2026-01-07
PROD-000699,SKU-000699,Leather Jacket Slim Fit,Fashion,CAT-02,SELLER-0005,115.00,344,2024-10-30
PROD-000700,SKU-000700,Dumbbell Set Adjustable 50lb,Sports & Outdoors,CAT-07,SELLER-0142,502.00,48,2024-12-13
PROD-000701,SKU-000701,Remote Control Car 4WD,Toys & Games,CAT-06,SELLER-0084,121.00,398,2023-07-21
PROD-000702,SKU-000702,Designing Data-Intensive Applications,Books,CAT-05,SELLER-0121,46.00,157,2025-04-29
PROD-000703,SKU-000703,Sport Watch Stainless,Fashion,CAT-02,SELLER-0147,189.00,257,2024-04-28
PROD-000704,SKU-000704,Designing Data-Intensive Applications,Books,CAT-05,SELLER-0180,9.00,319,2025-04-22
PROD-000705,SKU-000701,Leather Jacket Slim Fit,Fashion,CAT-02,SELLER-0110,195.00,116,2025-09-16
PROD-000706,SKU-000706,Air Filter K&N,Automotive Parts,CAT-08,SELLER-0078,366.00,57,2025-10-27
PROD-000707,SKU-000707,Cycling Helmet MIPS,Sports & Outdoors,CAT-07,SELLER-0180,567.00,194,2023-04-24
PROD-000708,SKU-000708,Beard Trimmer Cordless,Beauty & Personal Care,CAT-04,SELLER-0192,28.00,100,2026-02-07
PROD-000709,SKU-000709,Hair Straightener Ceramic,Beauty & Personal Care,CAT-04,SELLER-0196,50.00,333,2025-09-09
PROD-000710,SKU-000710,Action Camera 4K,Electronics,CAT-01,SELLER-0190,839.00,434,2023-02-13
PROD-000711,SKU-000711,Leather Jacket Slim Fit,Fashion,CAT-02,SELLER-0038,220.00,187,2025-04-10
PROD-000712,SKU-000712,Wooden Puzzle 1000 pcs,Toys & Games,CAT-06,SELLER-0194,98.00,290,2025-04-18
PROD-000713,SKU-000713,"Curling Iron 1.25""",Beauty & Personal Care,CAT-04,SELLER-0139,64.00,171,2024-11-17
PROD-000714,SKU-000714,Nail Polish Long-Lasting Set,Beauty & Personal Care,CAT-04,SELLER_0063,58.00,212,2023-04-06
PROD-000715,SKU-000715,Noise-Cancelling Earbuds,Electronics,CAT-01,SELLER-0177,333.00,360,2023-01-10
PROD-000716,SKU-000716,Running Sneakers,Fashion,CAT-02,SELLER-0001,219.00,266,2025-12-25
PROD-000717,SKU-000717,Face Mask Sheet Pack,Beauty & Personal Care,CAT-04,SELLER-0065,44.00,250,2024-12-13
PROD-000718,SKU-000718,Noise-Cancelling Earbuds,Electronics,CAT-01,SELLER-0022,451.00,256,2026-01-05
PROD-000719,SKU-000719,Perfume Eau de Parfum 100ml,Beauty & Personal Care,CAT-04,SELLER-0084,15.00,88,2023-04-28
PROD-000720,SKU-000720,Soccer Ball FIFA Approved,Sports & Outdoors,CAT-07,SELLER-0043,478.00,146,2024-12-21
PROD-000721,SKU-000717,Drone Mini with Camera,Toys & Games,CAT-06,SELLER-0085,60.00,16,2025-03-10
PROD-000722,SKU-000722,Monopoly Classic Edition,Toys & Games,CAT-06,SELLER-0098,56.00,443,2025-09-09
PROD-000723,SKU-000723,Egyptian Cotton Sheet Set,Home & Kitchen,CAT-03,SELLER-0028,198.00,301,2025-08-27
PROD-000724,SKU-000724,"Wiper Blades 22""",Automotive Parts,CAT-08,SELLER-0162,464.00,47,2024-10-26
PROD-000725,SKU-000725,USB-C Fast Charger 65W,Electronics,CAT-01,SELLER-0114,867.00,272,2026-02-27
PROD-000726,SKU-000726,Hair Straightener Ceramic,Beauty & Personal Care,CAT-04,SELLER-0197,33.00,12,2023-07-26
PROD-000727,SKU-000727,Sport Watch Stainless,Fashion,CAT-02,SELLER-0172,67.00,10,2024-11-30
PROD-000728,SKU-000728,USB-C Fast Charger 65W,Electronics,CAT-01,SELLER-0190,443.00,91,2025-03-13
PROD-000729,SKU-000729,"4K Smart TV 55""",Electronics,CAT-01,SELLER-0175,1036.00,92,2023-05-20
PROD-000730,SKU-000730,Atomic Habits,Books,CAT-05,SELLER-0193,32.00,138,2023-05-26
PROD-000731,SKU-000731,Memory Foam Pillow,Home & Kitchen,CAT-03,SELLER-0174,161.00,233,2023-11-15
PROD-000732,SKU-000732,Educational Tablet Kids,Toys & Games,CAT-06,SELLER-0179,86.00,139,2025-10-27
PROD-000733,SKU-000733,Stand Mixer 5-Quart,Home & Kitchen,CAT-03,SELLER-0175,62.00,355,2023-01-14
PROD-000734,SKU-000734,Mechanical Gaming Keyboard,Electronics,CAT-01,SELLER-0123,421.00,288,2025-09-20
PROD-000735,SKU-000735,Espresso Machine 15-bar,Home & Kitchen,CAT-03,SELLER-0039,140.00,88,2023-09-10
PROD-000736,SKU-000736,Stuffed Animal Plush,Toys & Games,CAT-06,SELLER-0092,28.00,227,2025-03-07
PROD-000737,SKU-000737,Noise-Cancelling Earbuds,Electronics,CAT-01,SELLER-0057,628.00,124,2023-03-26
PROD-000738,SKU-000738,Whey Protein Powder 2lb,Health & Wellness,CAT-09,SELLER_0132,51.00,468,2023-06-05
PROD-000739,SKU-000739,Where the Crawdads Sing,Books,CAT-05,SELLER-0062,29.00,37,2023-06-19
PROD-000740,SKU-000738,"Wiper Blades 22""",Automotive Parts,CAT-08,SELLER-0130,758.00,444,2024-01-18
PROD-000741,SKU-000741,Action Figure Collectible,Toys & Games,CAT-06,SELLER-0188,32.00,69,2025-10-14
PROD-000742,SKU-000742,Fishing Rod Combo,Sports & Outdoors,CAT-07,SELLER-0104,495.00,232,2023-09-26
PROD-000743,SKU-000743,Memory Foam Pillow,Home & Kitchen,CAT-03,SELLER-9999,331.00,425,2023-05-31
PROD-000744,SKU-000744,Memory Foam Pillow,Home & Kitchen,CAT-03,SELLER-0082,102.00,174,2023-11-04
PROD-000745,SKU-000745,Hair Dryer Ionic 1875W,Beauty & Personal Care,CAT-04,SELLER-0185,49.00,192,2023-09-29
PROD-000746,SKU-000746,Noise-Cancelling Earbuds,Electronics,CAT-01,SELLER-0052,543.00,478,2024-09-09
PROD-000747,SKU-000747,"Thinking, Fast and Slow",Books,CAT-05,SELLER-0033,42.00,41,2025-07-13
PROD-000748,SKU-000748,Action Figure Collectible,Toys & Games,CAT-06,SELLER-0011,81.00,4,2023-12-09
PROD-000749,SKU-000749,Fishing Rod Combo,Sports & Outdoors,CAT-07,SELLER-0127,287.00,286,2023-07-17
PROD-000750,SKU-000750,Camping Tent 4-Person,Sports & Outdoors,CAT-07,SELLER-0017,94.00,78,2023-01-31
PROD-000751,SKU-000751,Rubiks Cube 3x3,Toys & Games,CAT-06,SELLER-0036,14.00,498,2024-11-22
PROD-000752,SKU-000752,Cycling Helmet MIPS,Sports & Outdoors,CAT-07,SELLER-0160,392.00,27,2023-02-21
PROD-000753,SKU-000753,USB-C Fast Charger 65W,Electronics,CAT-01,SELLER-0071,852.00,253,2025-12-18
PROD-000754,SKU-000754,LEGO Classic Building Bricks,Toys & Games,CAT-06,SELLER-0098,114.00,358,2025-08-20
PROD-000755,SKU-000755,Memory Foam Pillow,Home & Kitchen,CAT-03,SELLER_0101,301.00,35,2026-01-12
PROD-000756,SKU-000756,Designing Data-Intensive Applications,Books,CAT-05,SELLER-9999,27.00,431,2026-02-25
PROD-000757,SKU-000757,"Cast Iron Skillet 12""",Home & Kitchen,CAT-03,SELLER-0098,352.00,67,2026-01-05
PROD-000758,SKU-000758,Floor Mats All-Weather,Automotive Parts,CAT-08,SELLER-0026,153.00,70,2025-07-02
PROD-000759,SKU-000759,Egyptian Cotton Sheet Set,Home & Kitchen,CAT-03,SELLER-0126,291.00,196,2023-04-12
PROD-000760,SKU-000760,Zero to One,Books,CAT-05,SELLER_0132,58.00,403,2023-01-15
PROD-000761,SKU-000761,Probiotic 50 billion CFU,Health & Wellness,CAT-09,SELLER-0139,101.00,202,2024-06-04
PROD-000762,SKU-000762,Running Shoes Trail,Sports & Outdoors,CAT-07,SELLER-0088,193.00,46,2024-06-27
PROD-000763,SKU-000763,Robot Vacuum Cleaner,Home & Kitchen,CAT-03,SELLER-0155,50.00,223,2024-04-26
PROD-000764,SKU-000764,Multivitamin 90 tablets,Health & Wellness,CAT-09,SELLER-0164,120.00,262,2024-02-20
PROD-000765,SKU-000765,Omega-3 Fish Oil 1000mg,Health & Wellness,CAT-09,SELLER-0066,90.00,467,2025-02-07
PROD-000766,SKU-000766,Engine Oil 5W-30 5L,Automotive Parts,CAT-08,SELLER-0092,257.00,349,2024-10-21
PROD-000767,SKU-000767,Yoga Block Cork,Health & Wellness,CAT-09,SELLER-0099,13.00,392,2024-01-07
PROD-000768,SKU-000768,Hair Dryer Ionic 1875W,Beauty & Personal Care,CAT-04,SELLER-0053,86.00,165,2025-11-29
PROD-000769,SKU-000769,Soccer Ball FIFA Approved,Sports & Outdoors,CAT-07,SELLER-0152,564.00,396,2023-12-23
PROD-000770,SKU-000770,Wi-Fi 6 Router AX3000,Electronics,CAT-01,SELLER-0075,794.00,61,2023-09-16
PROD-000771,SKU-000771,Espresso Machine 15-bar,Home & Kitchen,CAT-03,SELLER-0078,299.00,202,2025-07-01
PROD-000772,SKU-000772,Soccer Ball FIFA Approved,Sports & Outdoors,CAT-07,SELLER-0070,539.00,224,2025-09-21
PROD-000773,SKU-000773,LEGO Classic Building Bricks,Toys & Games,CAT-06,SELLER-0056,89.00,437,2025-10-02
PROD-000774,SKU-000774,Educational Tablet Kids,Toys & Games,CAT-06,SELLER-0040,124.00,161,2023-06-22
PROD-000775,SKU-000775,Running Sneakers,Fashion,CAT-02,SELLER-0190,132.00,385,2026-04-15
PROD-000776,SKU-000776,Perfume Eau de Parfum 100ml,Beauty & Personal Care,CAT-04,SELLER-0153,58.00,82,2023-03-12
PROD-000777,SKU-000777,Monopoly Classic Edition,Toys & Games,CAT-06,SELLER-0108,139.00,123,2024-05-22
PROD-000778,SKU-000778,Probiotic 50 billion CFU,Health & Wellness,CAT-09,SELLER-9999,77.00,265,2023-09-23
PROD-000779,SKU-000779,Robot Vacuum Cleaner,Home & Kitchen,CAT-03,SELLER-0023,68.00,270,2023-08-19
PROD-000780,SKU-000780,Leather Jacket Slim Fit,Fashion,CAT-02,SELLER-0108,69.00,16,2023-09-25
PROD-000781,SKU-000781,Leather Jacket Slim Fit,Fashion,CAT-02,SELLER-0137,179.00,68,2026-01-26
PROD-000782,SKU-000782,Perfume Eau de Parfum 100ml,Beauty & Personal Care,CAT-04,SELLER-0110,89.00,488,2026-03-18
PROD-000783,SKU-000783,Massage Gun Percussion,Health & Wellness,CAT-09,SELLER-0065,120.00,246,2023-05-28
PROD-000784,SKU-000784,Cotton T-Shirt Unisex,Fashion,CAT-02,SELLER-0138,89.00,377,2024-06-03
PROD-000785,SKU-000785,"Thinking, Fast and Slow",Books,CAT-05,SELLER-0058,34.00,161,2026-01-09
PROD-000786,SKU-000786,Leather Wallet Bifold,Fashion,CAT-02,SELLER-0039,-153.00,67,2025-01-08
PROD-000787,SKU-000787,Canvas Backpack 25L,Fashion,CAT-02,SELLER-0134,200.00,369,2023-04-30
PROD-000788,SKU-000788,Board Game Catan,Toys & Games,CAT-06,SELLER-0160,144.00,85,2025-02-21
PROD-000789,SKU-000789,Hair Straightener Ceramic,Beauty & Personal Care,CAT-04,SELLER-0168,20.00,51,2025-12-05
PROD-000790,SKU-000790,The Pragmatic Programmer,Books,CAT-05,SELLER-0104,52.00,285,2026-03-01
PROD-000791,SKU-000791,Action Figure Collectible,Toys & Games,CAT-06,SELLER-0173,103.00,485,2024-10-06
PROD-000792,SKU-000792,Probiotic 50 billion CFU,Health & Wellness,CAT-09,SELLER-9999,100.00,309,2025-02-26
PROD-000793,SKU-000793,The Pragmatic Programmer,Books,CAT-05,SELLER-0124,59.00,12,2024-11-07
PROD-000794,SKU-000794,Knife Set 8-Piece,Home & Kitchen,CAT-03,SELLER-0053,126.00,74,2024-03-15
PROD-000795,SKU-000795,Whey Protein Powder 2lb,Health & Wellness,CAT-09,SELLER-0034,80.00,59,2023-09-25
PROD-000796,SKU-000796,Smart Watch Fitness Tracker,Electronics,CAT-01,SELLER-0169,1177.00,295,2024-04-14
PROD-000797,SKU-000797,Probiotic 50 billion CFU,Health & Wellness,CAT-09,SELLER-0008,32.00,309,2023-05-25
PROD-000798,SKU-000798,Air Fryer 5L,Home & Kitchen,CAT-03,SELLER-0192,260.00,467,2024-09-29
PROD-000799,SKU-000799,Action Camera 4K,Electronics,CAT-01,SELLER-0067,76.00,117,2023-12-24
PROD-000800,SKU-000800,Drone Mini with Camera,Toys & Games,CAT-06,SELLER-0103,11.00,428,2024-01-12
PROD-000801,SKU-000801,Canvas Backpack 25L,Fashion,CAT-02,SELLER-0123,29.00,102,2024-12-01
PROD-000802,SKU-000802,Drone Mini with Camera,Toys & Games,CAT-06,SELLER-0038,120.00,439,2025-06-13
PROD-000803,SKU-000803,Face Mask Sheet Pack,Beauty & Personal Care,CAT-04,SELLER-0155,50.00,203,2023-09-23
PROD-000804,SKU-000804,Action Camera 4K,Electronics,CAT-01,SELLER-0152,93.00,241,2023-03-24
PROD-000805,SKU-000805,Sapiens: A Brief History,Books,CAT-05,SELLER_0072,18.00,371,2025-08-01
PROD-000806,SKU-000806,The Lean Startup,Books,CAT-05,SELLER-0003,17.00,235,2026-04-07
PROD-000807,SKU-000807,"Wiper Blades 22""",Automotive Parts,CAT-08,SELLER-0054,88.00,317,2024-02-23
PROD-000808,SKU-000808,The Lean Startup,Books,CAT-05,SELLER-0040,44.00,453,2025-03-21
PROD-000809,SKU-000808,Educated: A Memoir,Books,CAT-05,SELLER-0159,33.00,383,2023-01-04
PROD-000810,SKU-000810,Probiotic 50 billion CFU,Health & Wellness,CAT-09,SELLER-0057,54.00,11,2026-03-29
PROD-000811,SKU-000811,Sport Watch Stainless,Fashion,CAT-02,SELLER-0145,27.00,56,2023-03-21
PROD-000812,SKU-000812,"Wiper Blades 22""",Automotive Parts,CAT-08,SELLER-0021,420.00,293,2024-07-18
PROD-000813,SKU-000813,Perfume Eau de Parfum 100ml,Beauty & Personal Care,CAT-04,SELLER-0049,13.00,317,2024-08-14
PROD-000814,SKU-000814,Summer Dress Floral,Fashion,CAT-02,SELLER-0051,116.00,354,2025-05-29
PROD-000815,SKU-000815,Nail Polish Long-Lasting Set,Beauty & Personal Care,CAT-04,SELLER-0084,74.00,97,2024-01-28
PROD-000816,SKU-000816,Zero to One,Books,CAT-05,SELLER-0119,47.00,273,2024-03-24
PROD-000817,SKU-000817,Sleep Aid Melatonin 5mg,Health & Wellness,CAT-09,SELLER-0167,87.00,116,2024-10-06
PROD-000818,SKU-000818,Rubiks Cube 3x3,Toys & Games,CAT-06,SELLER-0082,37.00,-1,2025-11-10
PROD-000819,SKU-000819,Running Shoes Trail,Sports & Outdoors,CAT-07,SELLER-0060,163.00,417,2026-01-09
PROD-000820,SKU-000820,Cycling Helmet MIPS,Sports & Outdoors,CAT-07,SELLER-0184,600.00,476,2025-07-14
PROD-000821,SKU-000821,Action Camera 4K,Electronics,CAT-01,SELLER-0068,1085.00,155,2026-03-02
PROD-000822,SKU-000822,Leather Wallet Bifold,Fashion,CAT-02,SELLER-0039,90.00,491,2025-08-08
PROD-000823,SKU-000823,Polarized Sunglasses,Fashion,CAT-02,SELLER-0104,169.00,276,2024-10-21
PROD-000824,SKU-000824,Educated: A Memoir,Books,CAT-05,SELLER-0111,23.00,105,2023-08-29
PROD-000825,SKU-000825,Sleep Aid Melatonin 5mg,Health & Wellness,CAT-09,SELLER-0157,57.00,487,2023-08-31
PROD-000826,SKU-000826,Remote Control Car 4WD,Toys & Games,CAT-06,SELLER-0183,80.00,83,2023-09-04
PROD-000827,SKU-000827,Smartphone Pro Max,Electronics,CAT-01,SELLER-0108,385.00,421,2024-05-31
PROD-000828,SKU-000828,Wooden Puzzle 1000 pcs,Toys & Games,CAT-06,SELLER-0148,21.00,434,2023-02-02
PROD-000829,SKU-000829,Vitamin C Serum 30ml,Beauty & Personal Care,CAT-04,SELLER-0114,88.00,290,2023-08-21
PROD-000830,SKU-000830,"4K Smart TV 55""",Electronics,CAT-01,SELLER-0115,1181.00,257,2025-11-03
PROD-000831,SKU-000831,Whey Protein Powder 2lb,Health & Wellness,CAT-09,SELLER-0088,56.00,232,2024-02-15
PROD-000832,SKU-000832,Polarized Sunglasses,Fashion,CAT-02,SELLER-0006,163.00,281,2023-06-01
PROD-000833,SKU-000833,Egyptian Cotton Sheet Set,Home & Kitchen,CAT-03,SELLER-0022,322.00,295,2025-06-04
PROD-000834,SKU-000834,Electric Toothbrush Sonic,Beauty & Personal Care,CAT-04,SELLER-0123,13.00,237,2025-09-17
PROD-000835,SKU-000835,Board Game Catan,Toys & Games,CAT-06,SELLER-0025,96.00,338,2025-11-13
PROD-000836,SKU-000836,Stuffed Animal Plush,Toys & Games,CAT-06,SELLER-9999,22.00,4,2023-04-15
PROD-000837,SKU-000837,"4K Smart TV 55""",Electronics,CAT-01,SELLER-0013,1139.00,51,2023-10-28
PROD-000838,SKU-000838,Egyptian Cotton Sheet Set,Home & Kitchen,CAT-03,SELLER-0082,61.00,146,2025-11-19
PROD-000839,SKU-000839,The Pragmatic Programmer,Books,CAT-05,SELLER-0109,22.00,8,2023-04-10
PROD-000840,SKU-000840,Drone Mini with Camera,Toys & Games,CAT-06,SELLER-0091,113.00,26,2024-01-25
PROD-000841,SKU-000841,Engine Oil 5W-30 5L,Automotive Parts,CAT-08,SELLER-9999,518.00,466,2023-11-24
PROD-000842,SKU-000842,Dumbbell Set Adjustable 50lb,Sports & Outdoors,CAT-07,SELLER-0144,82.00,369,2025-09-21
PROD-000843,SKU-000843,Hiking Backpack 65L,Sports & Outdoors,CAT-07,SELLER-0075,378.00,280,2025-01-12
PROD-000844,SKU-000844,Sapiens: A Brief History,Books,CAT-05,SELLER-0056,58.00,175,2023-07-09
PROD-000845,SKU-000845,"Cast Iron Skillet 12""",Home & Kitchen,CAT-03,SELLER-0169,162.00,165,2025-11-30
PROD-000846,SKU-000846,Multivitamin 90 tablets,Health & Wellness,CAT-09,SELLER-0185,96.00,175,2025-04-28
PROD-000847,SKU-000847,Hiking Backpack 65L,Sports & Outdoors,CAT-07,SELLER-0003,467.00,165,2025-05-25
PROD-000848,SKU-000844,Robot Vacuum Cleaner,Home & Kitchen,CAT-03,SELLER-0062,352.00,-4,2024-06-24
PROD-000849,SKU-000849,Clean Code,Books,CAT-05,SELLER-0008,5.00,227,2025-10-03
PROD-000850,SKU-000850,Omega-3 Fish Oil 1000mg,Health & Wellness,CAT-09,SELLER-0185,37.00,-3,2024-04-13
PROD-000851,SKU-000851,Board Game Catan,Toys & Games,CAT-06,SELLER_0101,26.00,44,2023-01-06
PROD-000852,SKU-000852,Polarized Sunglasses,Fashion,CAT-02,SELLER-0003,114.00,440,2023-08-04
PROD-000853,SKU-000853,Fishing Rod Combo,Sports & Outdoors,CAT-07,SELLER-0046,445.00,181,2024-06-07
PROD-000854,SKU-000854,Portable SSD 1TB,Electronics,CAT-01,SELLER-0157,1142.00,142,2023-12-02
PROD-000855,SKU-000855,Air Fryer 5L,Home & Kitchen,CAT-03,SELLER-0103,26.00,286,2025-03-13
PROD-000856,SKU-000856,Hair Straightener Ceramic,Beauty & Personal Care,CAT-04,SELLER-0082,31.00,412,2023-01-17
PROD-000857,SKU-000857,Monopoly Classic Edition,Toys & Games,CAT-06,SELLER-0066,80.00,388,2024-12-26
PROD-000858,SKU-000858,Wireless Bluetooth Headphones,Electronics,CAT-01,SELLER-0173,70.00,-5,2024-01-08
PROD-000859,SKU-000859,Summer Dress Floral,Fashion,CAT-02,SELLER-0060,128.00,79,2026-01-12
PROD-000860,SKU-000860,Summer Dress Floral,Fashion,CAT-02,SELLER-0131,37.00,497,2023-06-01
PROD-000861,SKU-000861,Yoga Mat 6mm Non-Slip,Sports & Outdoors,CAT-07,SELLER-0133,164.00,44,2024-08-16
PROD-000862,SKU-000862,Remote Control Car 4WD,Toys & Games,CAT-06,SELLER-0022,93.00,149,2023-10-29
PROD-000863,SKU-000863,Educated: A Memoir,Books,CAT-05,SELLER-0035,53.00,149,2023-11-02
PROD-000864,SKU-000864,The Pragmatic Programmer,Books,CAT-05,SELLER-0146,29.00,327,2026-04-11
PROD-000865,SKU-000865,USB-C Fast Charger 65W,Electronics,CAT-01,SELLER-0091,1107.00,246,2025-10-03
PROD-000866,SKU-000866,Air Fryer 5L,Home & Kitchen,CAT-03,SELLER-0036,180.00,402,2023-06-16
PROD-000867,SKU-000867,Bamboo Cutting Board,Home & Kitchen,CAT-03,SELLER_0132,341.00,418,2026-03-02
PROD-000868,SKU-000868,Portable SSD 1TB,Electronics,CAT-01,SELLER-0194,753.00,335,2023-02-06
PROD-000869,SKU-000869,"Cast Iron Skillet 12""",Home & Kitchen,CAT-03,SELLER-0139,173.00,452,2025-05-20
PROD-000870,SKU-000870,Tire Pressure Monitor,Automotive Parts,CAT-08,SELLER_0072,776.00,166,2025-06-14
PROD-000871,SKU-000871,Sport Watch Stainless,Fashion,CAT-02,SELLER-0054,160.00,48,2026-01-23
PROD-000872,SKU-000872,Summer Dress Floral,Fashion,CAT-02,SELLER-0055,161.00,185,2023-01-28
PROD-000873,SKU-000873,Resistance Band Set,Sports & Outdoors,CAT-07,SELLER-0152,152.00,323,2023-02-04
PROD-000874,SKU-000874,Sleep Aid Melatonin 5mg,Health & Wellness,CAT-09,SELLER-0199,34.00,135,2025-05-05
PROD-000875,SKU-000875,Nail Polish Long-Lasting Set,Beauty & Personal Care,CAT-04,SELLER-0085,50.00,52,2024-01-19
PROD-000876,SKU-000876,Action Camera 4K,Electronics,CAT-01,SELLER-0154,669.00,498,2025-07-05
PROD-000877,SKU-000877,Where the Crawdads Sing,Books,CAT-05,SELLER-0186,16.00,128,2023-06-17
PROD-000878,SKU-000878,Resistance Band Set,Sports & Outdoors,CAT-07,SELLER-0053,366.00,452,2025-01-14
PROD-000879,SKU-000879,Where the Crawdads Sing,Books,CAT-05,SELLER-0083,14.00,268,2025-08-23
PROD-000880,SKU-000880,Clean Code,Books,CAT-05,SELLER-0160,16.00,97,2024-01-05
PROD-000881,SKU-000881,Clean Code,Books,CAT-05,SELLER-0041,51.00,22,2024-12-15
PROD-000882,SKU-000882,Dumbbell Set Adjustable 50lb,Sports & Outdoors,CAT-07,SELLER-0134,365.00,192,2023-03-05
PROD-000883,SKU-000883,Action Figure Collectible,Toys & Games,CAT-06,SELLER_0086,89.00,43,2025-06-29
PROD-000884,SKU-000884,Massage Gun Percussion,Health & Wellness,CAT-09,SELLER-0024,91.00,150,2024-03-14
PROD-000885,SKU-000885,Floor Mats All-Weather,Automotive Parts,CAT-08,SELLER-0039,-600.00,357,2024-06-19
PROD-000886,SKU-000886,Sport Watch Stainless,Fashion,CAT-02,SELLER-0174,214.00,137,2024-02-10
PROD-000887,SKU-000887,Fishing Rod Combo,Sports & Outdoors,CAT-07,SELLER-0017,87.00,253,2024-12-15
PROD-000888,SKU-000888,Engine Oil 5W-30 5L,Automotive Parts,CAT-08,SELLER-0172,788.00,293,2025-08-14
PROD-000889,SKU-000889,Air Fryer 5L,Home & Kitchen,CAT-03,SELLER-0104,278.00,308,2023-07-03
PROD-000890,SKU-000890,Foam Roller High-Density,Health & Wellness,CAT-09,SELLER_0132,76.00,473,2024-04-17
PROD-000891,SKU-000891,Memory Foam Pillow,Home & Kitchen,CAT-03,SELLER-0120,219.00,93,2024-12-29
PROD-000892,SKU-000892,The Lean Startup,Books,CAT-05,SELLER-0167,10.00,316,2025-04-27
PROD-000893,SKU-000893,Stuffed Animal Plush,Toys & Games,CAT-06,SELLER_0101,66.00,249,2026-01-09
PROD-000894,SKU-000894,Smart Scale Bluetooth,Health & Wellness,CAT-09,SELLER-0163,61.00,124,2023-11-16
PROD-000895,SKU-000895,Stand Mixer 5-Quart,Home & Kitchen,CAT-03,SELLER-0087,395.00,241,2026-03-11
PROD-000896,SKU-000896,Mechanical Gaming Keyboard,Electronics,CAT-01,SELLER-9999,933.00,30,2024-05-10
PROD-000897,SKU-000897,Probiotic 50 billion CFU,Health & Wellness,CAT-09,SELLER-0138,101.00,390,2025-03-15
PROD-000898,SKU-000896,Denim Jeans Slim,Fashion,CAT-02,SELLER-0102,215.00,484,2025-05-14
PROD-000899,SKU-000899,Monopoly Classic Edition,Toys & Games,CAT-06,SELLER-0003,21.00,37,2023-06-22
PROD-000900,SKU-000900,Action Figure Collectible,Toys & Games,CAT-06,SELLER-0149,72.00,205,2024-06-15
PROD-000901,SKU-000901,Sport Watch Stainless,Fashion,CAT-02,SELLER-0130,225.00,86,2023-05-13
PROD-000902,SKU-000902,Spark Plug Iridium Set,Automotive Parts,CAT-08,SELLER_0072,164.00,204,2024-01-02
PROD-000903,SKU-000903,Smart Scale Bluetooth,Health & Wellness,CAT-09,SELLER-9999,100.00,55,2025-10-14
PROD-000904,SKU-000904,Camping Tent 4-Person,Sports & Outdoors,CAT-07,SELLER-0105,82.00,72,2026-04-14
PROD-000905,SKU-000905,"Wiper Blades 22""",Automotive Parts,CAT-08,SELLER-0064,374.00,3,2023-07-29
PROD-000906,SKU-000906,Yoga Block Cork,Health & Wellness,CAT-09,SELLER-0118,62.00,33,2025-11-16
PROD-000907,SKU-000907,Wooden Puzzle 1000 pcs,Toys & Games,CAT-06,SELLER-0121,36.00,136,2025-12-14
PROD-000908,SKU-000908,"4K Smart TV 55""",Electronics,CAT-01,SELLER-0149,496.00,300,2026-04-15
PROD-000909,SKU-000909,"Wiper Blades 22""",Automotive Parts,CAT-08,SELLER-0035,200.00,337,2025-07-24
PROD-000910,SKU-000910,Moisturizing Cream SPF50,Beauty & Personal Care,CAT-04,SELLER-0098,66.00,473,2024-09-23
PROD-000911,SKU-000911,Spark Plug Iridium Set,Automotive Parts,CAT-08,SELLER-0120,662.00,191,2025-09-26
PROD-000912,SKU-000912,Spark Plug Iridium Set,Automotive Parts,CAT-08,SELLER-0067,493.00,173,2024-12-11
PROD-000913,SKU-000913,Wooden Puzzle 1000 pcs,Toys & Games,CAT-06,SELLER-0008,74.00,224,2026-04-01
PROD-000914,SKU-000914,Running Sneakers,Fashion,CAT-02,SELLER-0147,182.00,129,2025-03-17
PROD-000915,SKU-000915,Sport Watch Stainless,Fashion,CAT-02,SELLER-0007,226.00,23,2025-07-07
PROD-000916,SKU-000916,Cotton T-Shirt Unisex,Fashion,CAT-02,SELLER-0088,244.00,332,2023-12-29
PROD-000917,SKU-000917,Smartphone Pro Max,Electronics,CAT-01,SELLER-0034,1088.00,380,2023-07-22
PROD-000918,SKU-000918,Canvas Backpack 25L,Fashion,CAT-02,SELLER-0118,59.00,84,2024-06-12
PROD-000919,SKU-000919,"Mountain Bike 27.5""",Sports & Outdoors,CAT-07,SELLER-0093,377.00,297,2024-03-07
PROD-000920,SKU-000920,Mechanical Gaming Keyboard,Electronics,CAT-01,SELLER-0016,953.00,309,2025-12-09
PROD-000921,SKU-000921,Camping Tent 4-Person,Sports & Outdoors,CAT-07,SELLER-0029,457.00,418,2023-09-15
PROD-000922,SKU-000922,Remote Control Car 4WD,Toys & Games,CAT-06,SELLER-0082,82.00,82,2023-10-18
PROD-000923,SKU-000923,Hiking Backpack 65L,Sports & Outdoors,CAT-07,SELLER-0147,553.00,22,2024-01-11
PROD-000924,SKU-000924,Beard Trimmer Cordless,Beauty & Personal Care,CAT-04,SELLER-0064,71.00,276,2026-01-13
PROD-000925,SKU-000925,Fishing Rod Combo,Sports & Outdoors,CAT-07,SELLER-0012,186.00,297,2023-11-05
PROD-000926,SKU-000926,Brake Pads Front Set,Automotive Parts,CAT-08,SELLER-0177,52.00,405,2023-10-16
PROD-000927,SKU-000927,Probiotic 50 billion CFU,Health & Wellness,CAT-09,SELLER-0194,69.00,114,2024-01-03
PROD-000928,SKU-000928,Designing Data-Intensive Applications,Books,CAT-05,SELLER-0146,6.00,2,2023-10-16
PROD-000929,SKU-000929,Yoga Block Cork,Health & Wellness,CAT-09,SELLER-0030,46.00,471,2026-03-12
PROD-000930,SKU-000930,Knife Set 8-Piece,Home & Kitchen,CAT-03,SELLER-0060,269.00,104,2025-05-19
PROD-000931,SKU-000931,Hair Straightener Ceramic,Beauty & Personal Care,CAT-04,SELLER-0078,88.00,158,2023-07-06
PROD-000932,SKU-000932,Robot Vacuum Cleaner,Home & Kitchen,CAT-03,SELLER-0035,160.00,435,2024-07-30
PROD-000933,SKU-000933,Foam Roller High-Density,Health & Wellness,CAT-09,SELLER-0176,87.00,347,2024-04-03
PROD-000934,SKU-000934,Stuffed Animal Plush,Toys & Games,CAT-06,SELLER-0165,31.00,485,2024-09-22
PROD-000935,SKU-000935,"Cast Iron Skillet 12""",Home & Kitchen,CAT-03,SELLER-0195,382.00,37,2025-03-01
PROD-000936,SKU-000932,LEGO Classic Building Bricks,Toys & Games,CAT-06,SELLER-0039,106.00,270,2023-01-27
PROD-000937,SKU-000937,Foam Roller High-Density,Health & Wellness,CAT-09,SELLER-0138,114.00,366,2023-01-03
PROD-000938,SKU-000938,"Mountain Bike 27.5""",Sports & Outdoors,CAT-07,SELLER-0041,517.00,55,2024-09-27
PROD-000939,SKU-000939,Perfume Eau de Parfum 100ml,Beauty & Personal Care,CAT-04,SELLER-0159,80.00,315,2025-04-19
PROD-000940,SKU-000940,Car Battery 12V 70Ah,Automotive Parts,CAT-08,SELLER-0001,588.00,496,2025-12-30
PROD-000941,SKU-000941,Stand Mixer 5-Quart,Home & Kitchen,CAT-03,SELLER-0061,120.00,184,2023-08-04
PROD-000942,SKU-000942,Fishing Rod Combo,Sports & Outdoors,CAT-07,SELLER-0159,301.00,205,2025-10-31
PROD-000943,SKU-000943,Summer Dress Floral,Fashion,CAT-02,SELLER-0108,210.00,406,2024-02-18
PROD-000944,SKU-000944,Robot Vacuum Cleaner,Home & Kitchen,CAT-03,SELLER-0191,198.00,32,2024-06-17
PROD-000945,SKU-000945,Memory Foam Pillow,Home & Kitchen,CAT-03,SELLER-0090,170.00,397,2025-02-11
PROD-000946,SKU-000946,Wool Pullover Sweater,Fashion,CAT-02,SELLER-0196,156.00,480,2024-06-15
PROD-000947,SKU-000947,Smart Watch Fitness Tracker,Electronics,CAT-01,SELLER_0063,212.00,350,2023-07-03
PROD-000948,SKU-000948,Soccer Ball FIFA Approved,Sports & Outdoors,CAT-07,SELLER-0199,47.00,121,2023-04-09
PROD-000949,SKU-000949,"Thinking, Fast and Slow",Books,CAT-05,SELLER-0076,11.00,270,2024-04-26
PROD-000950,SKU-000950,Soccer Ball FIFA Approved,Sports & Outdoors,CAT-07,SELLER-0156,164.00,183,2024-01-28
PROD-000951,SKU-000951,Stainless Steel Cookware Set,Home & Kitchen,CAT-03,SELLER-0007,28.00,241,2026-02-28
PROD-000952,SKU-000952,Educational Tablet Kids,Toys & Games,CAT-06,SELLER-0113,69.00,326,2024-12-20
PROD-000953,SKU-000953,Stand Mixer 5-Quart,Home & Kitchen,CAT-03,SELLER-0160,162.00,-1,2025-11-08
PROD-000954,SKU-000954,Probiotic 50 billion CFU,Health & Wellness,CAT-09,SELLER_0101,17.00,280,2023-09-05
PROD-000955,SKU-000955,Portable SSD 1TB,Electronics,CAT-01,SELLER-0029,434.00,412,2025-01-13
PROD-000956,SKU-000956,Probiotic 50 billion CFU,Health & Wellness,CAT-09,SELLER-0076,41.00,219,2025-05-10
PROD-000957,SKU-000957,Probiotic 50 billion CFU,Health & Wellness,CAT-09,SELLER-0164,37.00,178,2025-03-15
PROD-000958,SKU-000958,Air Filter K&N,Automotive Parts,CAT-08,SELLER-0097,354.00,220,2023-05-12
PROD-000959,SKU-000959,Bamboo Cutting Board,Home & Kitchen,CAT-03,SELLER-0122,218.00,55,2023-07-04
PROD-000960,SKU-000960,Remote Control Car 4WD,Toys & Games,CAT-06,SELLER_0132,73.00,221,2025-03-22
PROD-000961,SKU-000961,Probiotic 50 billion CFU,Health & Wellness,CAT-09,SELLER-0097,91.00,456,2023-12-24
PROD-000962,SKU-000961,Leather Jacket Slim Fit,Fashion,CAT-02,SELLER-0001,103.00,237,2023-08-15
PROD-000963,SKU-000963,Sapiens: A Brief History,Books,CAT-05,SELLER-0140,20.00,492,2023-09-19
PROD-000964,SKU-000964,Probiotic 50 billion CFU,Health & Wellness,CAT-09,SELLER-0008,51.00,319,2024-04-02
PROD-000965,SKU-000965,Massage Gun Percussion,Health & Wellness,CAT-09,SELLER-0139,92.00,476,2025-08-03
PROD-000966,SKU-000966,Memory Foam Pillow,Home & Kitchen,CAT-03,SELLER-0104,216.00,490,2024-03-31
PROD-000967,SKU-000963,Running Shoes Trail,Sports & Outdoors,CAT-07,SELLER-0035,38.00,206,2025-09-03
PROD-000968,SKU-000968,Memory Foam Pillow,Home & Kitchen,CAT-03,SELLER-0058,384.00,499,2024-06-24
PROD-000969,SKU-000966,Leather Wallet Bifold,Fashion,CAT-02,SELLER-0150,159.00,347,2026-04-13
PROD-000970,SKU-000970,Nail Polish Long-Lasting Set,Beauty & Personal Care,CAT-04,SELLER-0191,21.00,168,2024-09-18
PROD-000971,SKU-000971,Bamboo Cutting Board,Home & Kitchen,CAT-03,SELLER-0052,111.00,217,2024-02-08
PROD-000972,SKU-000972,Omega-3 Fish Oil 1000mg,Health & Wellness,CAT-09,SELLER-0116,44.00,386,2023-03-10
PROD-000973,SKU-000973,Rubiks Cube 3x3,Toys & Games,CAT-06,SELLER-0037,57.00,23,2023-01-07
PROD-000974,SKU-000974,USB-C Fast Charger 65W,Electronics,CAT-01,SELLER-0071,52.00,341,2024-08-28
PROD-000975,SKU-000975,Probiotic 50 billion CFU,Health & Wellness,CAT-09,SELLER-0014,49.00,333,2024-07-25
PROD-000976,SKU-000976,Yoga Mat 6mm Non-Slip,Sports & Outdoors,CAT-07,SELLER-0058,148.00,170,2023-03-11
PROD-000977,SKU-000977,Leather Jacket Slim Fit,Fashion,CAT-02,SELLER-0142,194.00,284,2023-07-10
PROD-000978,SKU-000978,Egyptian Cotton Sheet Set,Home & Kitchen,CAT-03,SELLER-0130,353.00,397,2025-12-06
PROD-000979,SKU-000979,Cycling Helmet MIPS,Sports & Outdoors,CAT-07,SELLER-0093,148.00,156,2023-01-25
PROD-000980,SKU-000980,LED Headlight Bulb H7,Automotive Parts,CAT-08,SELLER-9999,799.00,246,2024-09-30
PROD-000981,SKU-000981,Yoga Mat 6mm Non-Slip,Sports & Outdoors,CAT-07,SELLER-0156,128.00,175,2023-11-19
PROD-000982,SKU-000982,Wooden Puzzle 1000 pcs,Toys & Games,CAT-06,SELLER-0021,64.00,67,2025-05-05
PROD-000983,SKU-000983,"Wiper Blades 22""",Automotive Parts,CAT-08,SELLER-0017,564.00,189,2024-03-05
PROD-000984,SKU-000984,Summer Dress Floral,Fashion,CAT-02,SELLER-0157,183.00,18,2025-07-01
PROD-000985,SKU-000985,Resistance Band Set,Sports & Outdoors,CAT-07,SELLER-0038,522.00,120,2025-03-09
PROD-000986,SKU-000986,Drone Mini with Camera,Toys & Games,CAT-06,SELLER-0105,26.00,195,2023-01-07
PROD-000987,SKU-000987,"Wiper Blades 22""",Automotive Parts,CAT-08,SELLER-0196,772.00,166,2025-10-29
PROD-000988,SKU-000988,Zero to One,Books,CAT-05,SELLER-0193,54.00,300,2024-12-29
PROD-000989,SKU-000989,Engine Oil 5W-30 5L,Automotive Parts,CAT-08,SELLER-0200,257.00,270,2026-02-05
PROD-000990,SKU-000990,Stand Mixer 5-Quart,Home & Kitchen,CAT-03,SELLER-0113,394.00,267,2024-11-08
PROD-000991,SKU-000991,Tire Pressure Monitor,Automotive Parts,CAT-08,SELLER-0118,458.00,347,2024-09-23
PROD-000992,SKU-000992,Car Battery 12V 70Ah,Automotive Parts,CAT-08,SELLER-0155,399.00,229,2023-12-20
PROD-000993,SKU-000993,Camping Tent 4-Person,Sports & Outdoors,CAT-07,SELLER-0015,304.00,450,2025-04-17
PROD-000994,SKU-000994,Car Battery 12V 70Ah,Automotive Parts,CAT-08,SELLER-0019,144.00,474,2025-05-17
PROD-000995,SKU-000995,Smartphone Pro Max,Electronics,CAT-01,SELLER-0069,644.00,474,2023-07-04
PROD-000996,SKU-000996,Hair Dryer Ionic 1875W,Beauty & Personal Care,CAT-04,SELLER-0045,80.00,221,2024-01-10
PROD-000997,SKU-000997,Noise-Cancelling Earbuds,Electronics,CAT-01,SELLER-0003,991.00,191,2024-01-20
PROD-000998,SKU-000998,Electric Toothbrush Sonic,Beauty & Personal Care,CAT-04,SELLER-0112,32.00,455,2023-04-28
PROD-000999,SKU-000999,Camping Tent 4-Person,Sports & Outdoors,CAT-07,SELLER-0164,537.00,4,2025-05-27
PROD-001000,SKU-001000,Tire Pressure Monitor,Automotive Parts,CAT-08,SELLER-0080,140.00,213,2023-12-23
