seller_id,seller_name,country,is_verified,join_date,contact_email
SELLER-0001,Store Iberia 1,AU,true,2024-08-27,contact1@store1.com
SELLER-0002,Store Iberia 2,US,true,2024-01-10,contact2@store2.com
SELLER-0003,Store Vela 3,JP,true,2025-02-16,contact3@store3.com
SELLER-0004,Store Rivulet 4,CA,true,2025-08-31,contact4@store4.com
SELLER-0005,Store Halcyon 5,ES,true,2025-02-09,contact5@store5.com
SELLER-0006,Store Brightline 6,DE,true,2024-07-28,contact6@store6.com
SELLER-0007,Store Yarrow 7,BR,true,2022-01-24,contact7@store7.com
SELLER-0008,Store Cobalt 8,CA,true,2022-06-15,contact8@store8.com
SELLER-0009,Store Yarrow 9,DE,true,2024-04-14,contact9@store9.com
SELLER-0010,Store Meridian 10,DE,true,2024-12-08,contact10@store10.com
SELLER-0011,Store Dynaforce 11,US,true,2024-02-18,contact11@store11.com
SELLER-0012,Store Brightline 12,IT,true,2022-05-24,contact12@store12.com
SELLER-0013,Store Dynaforce 13,GB,false,2024-06-12,contact13@store13.com
SELLER-0014,Store Brightline 14,US,true,2024-07-18,contact14@store14.com
SELLER-0015,Store Quartz 15,BR,true,2023-09-08,contact15@store15.com
SELLER-0016,Store Evershine 16,CA,true,2022-10-19,contact16@store16.com
SELLER-0017,Store Zephyr 17,CL,false,2023-11-07,contact17@store17.com
SELLER-0018,Store Iberia 18,US,true,2025-07-12,contact18@store18.com
SELLER-0019,Store Tide 19,PT,true,2022-10-29,contact19@store19.com
SELLER-0020,Store Westwood 20,DE,true,2024-01-30,contact20@store20.com
SELLER-0021,Store Brightline 21,MX,true,2024-10-07,contact21@store21.com
SELLER-0022,Store Kestrel 22,US,true,2023-12-02,contact22@store22.com
SELLER-0023,Store Iberia 23,CA,true,2023-09-21,contact23@store23.com
SELLER-0024,Store Iberia 24,AU,true,2024-02-01,contact24@store24.com
SELLER-0025,Store Brightline 25,JP,true,2022-10-21,contact25@store25.com
SELLER-0026,Store Luma 26,US,true,2024-04-23,contact26@store26.com
SELLER_0027,Store Junon 27,DE,true,2023-02-12,contact27@store27.com
SELLER-0028,Store Junon 28,US,true,2023-01-24,contact28@store28.com
SELLER-0029,Store Westwood 29,US,true,2024-07-09,contact29@store29.com
SELLER-0030,Store Meridian 30,BR,true,2025-04-15,contact30@store30.com
SELLER-0031,Store Yarrow 31,IT,false,2025-05-25,contact31@store31.com
SELLER-0032,Store Quartz 32,BR,true,2024-07-17,contact32@store32.com
SELLER-0033,Store Iberia 33,JP,true,2024-05-24,
SELLER-0034,Store Northwind 34,JP,true,2023-08-06,contact34@store34.com
SELLER-0035,Store Tide 35,CL,true,2024-12-09,contact35@store35.com
SELLER-0036,Store Dynaforce 36,AR,true,2023-06-10,contact36@store36.com
SELLER-0037,Store Junon 37,AU,true,2023-10-21,contact37@store37.com
SELLER-0038,Store Junon 38,BR,true,2023-09-02,contact38@store38.com
SELLER-0039,Store Umbra 39,AR,true,2022-01-06,contact39@store39.com
SELLER-0040,Store Quartz 40,PT,true,2025-06-24,contact40@store40.com
SELLER-0041,Store Cobalt 41,BR,false,2022-08-31,contact41@store41.com
SELLER-0042,Store Dynaforce 42,JP,true,2023-01-04,contact42@store42.com
SELLER-0043,Store Iberia 43,BR,true,2024-09-18,
SELLER-0044,Store Evershine 44,MX,true,2025-04-01,contact44@store44.com
SELLER-0045,Store Vela 45,CA,true,2023-12-05,contact45@store45.com
SELLER-0046,Store Yarrow 46,BR,true,2023-11-02,contact46@store46.com
SELLER-0047,Store Meridian 47,FR,false,2024-03-06,contact47@store47.com
SELLER-0048,Store Meridian 48,US,true,2025-01-10,contact48@store48.com
SELLER-0049,Store Westwood 49,MX,true,2024-07-02,contact49@store49.com
SELLER-0050,Store Halcyon 50,FR,true,2022-11-07,contact50@store50.com
SELLER-0051,Store Northwind 51,BR,true,2022-01-22,contact51@store51.com
SELLER-0052,Store Meridian 52,BR,true,2023-10-31,contact52@store52.com
SELLER-0053,Store Cobalt 53,DE,true,2023-05-08,contact53@store53.com
SELLER-0054,Store Dynaforce 54,IT,true,2025-11-19,contact54@store54.com
SELLER-0055,Store Northwind 55,BR,false,2025-07-26,contact55@store55.com
SELLER-0056,Store Iberia 56,DE,true,2024-05-12,contact56@store56.com
SELLER-0057,Store Yarrow 57,US,true,2025-02-26,contact57@store57.com
SELLER-0058,Store Forge&Co 58,PT,false,2022-10-01,contact58@store58.com
SELLER-0059,Store Polaris 59,US,true,2024-07-06,contact59@store59.com
SELLER-0060,Store Luma 60,CA,true,2025-01-23,contact60@store60.com
SELLER-0061,Store Tide 61,DE,true,2024-03-17,contact61@store61.com
SELLER-0062,Store Yarrow 62,US,true,2022-03-25,contact62@store62.com
SELLER_0063,Store Polaris 63,GB,true,2025-10-14,contact63@store63.com
SELLER-0064,Store Evershine 64,AU,true,2024-04-16,contact64@store64.com
SELLER-0065,Store Akari 65,US,true,2025-01-30,contact65@store65.com
SELLER-0066,Store Rivulet 66,GB,true,2024-02-04,contact66@store66.com
SELLER-0067,Store Meridian 67,CA,true,2024-10-06,contact67@store67.com
SELLER-0068,Store Kestrel 68,ES,false,2026-02-11,contact68@store68.com
SELLER-0069,Store Cobalt 69,AU,false,2025-05-15,contact69@store69.com
SELLER-0070,Store Iberia 70,BR,true,2023-07-05,contact70@store70.com
SELLER-0071,Store Solis 71,AR,true,2025-04-02,contact71@store71.com
SELLER_0072,Store Rivulet 72,PT,true,2022-06-24,contact72@store72.com
SELLER-0073,Store Iberia 73,DE,true,2023-04-21,contact73@store73.com
SELLER-0074,Store Tide 74,DE,true,2025-04-30,contact74@store74.com
SELLER-0075,Store Westwood 75,BR,true,2023-01-24,contact75@store75.com
SELLER-0076,Store Junon 76,BR,false,2025-05-24,contact76@store76.com
SELLER-0077,Store Yarrow 77,DE,true,2023-09-27,contact77@store77.com
SELLER-0078,Store Junon 78,US,true,2024-02-01,contact78@store78.com
SELLER-0079,Store Evershine 79,AU,false,2023-04-17,contact79@store79.com
SELLER-0080,Store Umbra 80,IT,true,2025-08-22,contact80@store80.com
SELLER-0081,Store Orion 81,CO,true,2022-03-26,contact81@store81.com
SELLER-0082,Store Rivulet 82,MX,true,2023-03-14,contact82@store82.com
SELLER-0083,Store Solis 83,DE,true,2023-11-26,contact83@store83.com
SELLER-0084,Store Northwind 84,CO,true,2025-03-15,contact84@store84.com
SELLER-0085,Store Akari 85,CA,true,2025-01-18,contact85@store85.com
SELLER_0086,Store Solis 86,CL,true,2023-05-08,contact86@store86.com
SELLER-0087,Store Iberia 87,US,true,2025-12-07,contact87@store87.com
SELLER-0088,Store Iberia 88,AR,true,2025-06-13,contact88@store88.com
SELLER-0089,Store Evershine 89,BR,true,2022-06-10,contact89@store89.com
SELLER-0090,Store Solis 90,CA,true,2024-09-17,contact90@store90.com
SELLER-0091,Store Quartz 91,US,true,2022-09-10,contact91@store91.com
SELLER-0092,Store Solis 92,ES,true,2023-12-02,contact92@store92.com
SELLER-0093,Store Orion 93,PT,true,2022-04-28,contact93@store93.com
SELLER-0094,Store Tide 94,BR,true,2022-01-15,contact94@store94.com
SELLER-0095,Store Umbra 95,BR,true,2024-07-28,contact95@store95.com
SELLER-0096,Store Northwind 96,GB,true,2022-07-21,contact96@store96.com
SELLER-0097,Store Solis 97,GB,true,2025-04-23,contact97@store97.com
SELLER-0098,Store Dynaforce 98,CA,true,2022-10-10,contact98@store98.com
SELLER-0099,Store Akari 99,US,true,2025-09-02,contact99@store99.com
SELLER-0100,Store Vela 100,IT,false,2025-11-04,contact100@store100.com
SELLER_0101,Store Solis 101,JP,true,2025-05-02,contact101@store101.com
SELLER-0102,Store Vela 102,BR,true,2022-12-15,contact102@store102.com
SELLER-0103,Store Junon 103,AR,true,2022-04-30,contact103@store103.com
SELLER-0104,Store Yarrow 104,BR,true,2024-03-17,contact104@store104.com
SELLER-0105,Store Kestrel 105,IT,true,2022-11-10,contact105@store105.com
SELLER-0106,Store Iberia 106,MX,false,2023-11-26,contact106@store106.com
SELLER-0107,Store Vela 107,GB,true,2022-10-15,contact107@store107.com
SELLER-0108,Store Tide 108,IT,true,2025-12-21,contact108@store108.com
SELLER-0109,Store Umbra 109,BR,true,2023-09-04,contact109@store109.com
SELLER-0110,Store Cobalt 110,US,true,2023-12-28,contact110@store110.com
SELLER-0111,Store Orion 111,GB,false,2025-12-11,contact111@store111.com
SELLER-0112,Store Kestrel 112,MX,false,2023-04-25,contact112@store112.com
SELLER-0113,Store Yarrow 113,BR,true,2023-04-12,contact113@store113.com
SELLER-0114,Store Polaris 114,US,true,2025-02-22,contact114@store114.com
SELLER-0115,Store Junon 115,DE,true,2024-11-26,contact115@store115.com
SELLER-0116,Store Cobalt 116,US,true,2024-07-31,contact116@store116.com
SELLER-0117,Store Iberia 117,US,true,2022-10-14,contact117@store117.com
SELLER-0118,Store Yarrow 118,US,true,2023-09-12,contact118@store118.com
SELLER-0119,Store Zephyr 119,US,false,2025-10-10,contact119@store119.com
SELLER-0120,Store Umbra 120,GB,true,2023-06-10,contact120@store120.com
SELLER-0121,Store Evershine 121,DE,false,2022-07-20,contact121@store121.com
SELLER-0122,Store Westwood 122,CA,true,2023-01-01,contact122@store122.com
SELLER-0123,Store Rivulet 123,BR,true,2025-09-18,contact123@store123.com
SELLER-0124,Store Halcyon 124,DE,false,2024-04-28,contact124@store124.com
SELLER-0125,Store Northwind 125,IT,true,2025-03-22,contact125@store125.com
SELLER-0126,Store Polaris 126,BR,true,2025-04-12,contact126@store126.com
SELLER-0127,Store Cobalt 127,GB,true,2024-01-24,contact127@store127.com
SELLER-0128,Store Luma 128,CL,true,2023-10-26,contact128@store128.com
SELLER-0129,Store Meridian 129,CA,true,2022-01-03,contact129@store129.com
SELLER-0130,Store Brightline 130,CL,true,2025-03-17,
SELLER-0131,Store Evershine 131,US,true,2025-06-21,contact131@store131.com
SELLER_0132,Store Dynaforce 132,US,true,2024-11-17,contact132@store132.com
SELLER-0133,Store Northwind 133,MX,true,2023-10-17,contact133@store133.com
SELLER-0134,Store Xenith 134,FR,false,2025-11-16,contact134@store134.com
SELLER-0135,Store Iberia 135,DE,false,2023-11-06,contact135@store135.com
SELLER-0136,Store Yarrow 136,GB,false,2024-05-15,contact136@store136.com
SELLER-0137,Store Iberia 137,BR,true,2025-03-10,contact137@store137.com
SELLER-0138,Store Iberia 138,MX,true,2022-05-12,contact138@store138.com
SELLER-0139,Store Vela 139,PT,true,2024-09-12,contact139@store139.com
SELLER-0140,Store Brightline 140,BR,true,2024-07-30,contact140@store140.com
SELLER-0141,Store Forge&Co 141,IT,true,2025-06-05,contact141@store141.com
SELLER-0142,Store Brightline 142,US,true,2025-11-01,contact142@store142.com
SELLER-0143,Store Akari 143,mx,true,2024-02-12,contact143@store143.com
SELLER-0144,Store Evershine 144,JP,true,2022-06-12,contact144@store144.com
SELLER-0145,Store Kestrel 145,US,true,2023-10-28,contact145@store145.com
SELLER-0146,Store Vela 146,BR,true,2022-06-23,contact146@store146.com
SELLER-0147,Store Yarrow 147,DE,true,2024-08-29,contact147@store147.com
SELLER-0148,Store Akari 148,us,true,2024-12-05,contact148@store148.com
SELLER-0149,Store Kestrel 149,de,false,2022-09-02,
SELLER-0150,Store Xenith 150,CO,true,2024-09-26,contact150@store150.com
SELLER-0151,Store Zephyr 151,MX,true,2022-09-11,contact151@store151.com
SELLER-0152,Store Evershine 152,CL,true,2025-10-17,contact152@store152.com
SELLER-0153,Store Orion 153,DE,false,2025-07-19,contact153@store153.com
SELLER-0154,Store Solis 154,JP,true,2023-12-08,contact154@store154.com
SELLER-0155,Store Umbra 155,AU,false,2026-02-10,contact155@store155.com
SELLER-0156,Store Tide 156,CA,false,2022-07-05,contact156@store156.com
SELLER-0157,Store Zephyr 157,BR,true,2024-11-11,contact157@store157.com
SELLER-0158,Store Orion 158,ES,false,2024-03-19,contact158@store158.com
SELLER-0159,Store Yarrow 159,DE,true,2022-05-24,contact159@store159.com
SELLER-0160,Store Iberia 160,JP,true,2025-03-10,contact160@store160.com
SELLER-0161,Store Halcyon 161,DE,true,2025-02-06,contact161@store161.com
SELLER-0162,Store Meridian 162,FR,true,2023-01-22,contact162@store162.com
SELLER-0163,Store Halcyon 163,CL,true,2023-12-06,contact163@store163.com
SELLER-0164,Store Tide 164,US,true,2022-09-01,contact164@store164.com
SELLER-0165,Store Orion 165,JP,false,2026-01-22,contact165@store165.com
SELLER-0166,Store Tide 166,FR,true,2024-03-25,contact166@store166.com
SELLER-0167,Store Iberia 167,IT,true,2024-01-19,contact167@store167.com
SELLER-0168,Store Junon 168,BR,true,2023-11-23,contact168@store168.com
SELLER-0169,Store Junon 169,CA,true,2023-08-21,contact169@store169.com
SELLER-0170,Store Cobalt 170,BR,true,2024-09-29,contact170@store170.com
SELLER-0171,Store Xenith 171,JP,true,2025-01-02,contact171@store171.com
SELLER-0172,Store Westwood 172,GB,true,2023-12-25,contact172@store172.com
SELLER-0173,Store Junon 173,CA,true,2022-08-14,contact173@store173.com
SELLER-0174,Store Brightline 174,US,true,2024-06-11,contact174@store174.com
SELLER-0175,Store Umbra 175,ES,true,2023-03-04,contact175@store175.com
SELLER-0176,Store Northwind 176,DE,true,2023-07-24,contact176@store176.com
SELLER-0177,Store Glide 177,PT,true,2022-07-20,contact177@store177.com
SELLER-0178,Store Meridian 178,CO,true,2024-04-20,contact178@store178.com
SELLER-0179,Store Quartz 179,US,true,2024-03-21,contact179@store179.com
SELLER-0180,Store Glide 180,US,false,2025-09-14,contact180@store180.com
SELLER-0181,Store Halcyon 181,FR,true,2024-08-05,contact181@store181.com
SELLER-0182,Store Umbra 182,CL,false,2025-10-27,contact182@store182.com
SELLER-0183,Store Polaris 183,DE,false,2026-01-21,contact183@store183.com
SELLER-0184,Store Cobalt 184,IT,true,2025-07-15,contact184@store184.com
SELLER-0185,Store Zephyr 185,BR,false,2025-06-20,contact185@store185.com
SELLER-0186,Store Orion 186,JP,true,2023-06-06,contact186@store186.com
SELLER_0187,Store Northwind 187,GB,true,2024-08-21,contact187@store187.com
SELLER-0188,Store Evershine 188,PT,true,2022-04-02,contact188@store188.com
SELLER-0189,Store Northwind 189,FR,true,2025-04-16,contact189@store189.com
SELLER-0190,Store Polaris 190,US,true,2025-05-20,contact190@store190.com
SELLER-0191,Store Xenith 191,gb,true,2025-02-12,contact191@store191.com
SELLER-0192,Store Glide 192,BR,false,2026-01-19,contact192@store192.com
SELLER-0193,Store Umbra 193,FR,true,2022-03-25,contact193@store193.com
SELLER-0194,Store Meridian 194,CA,false,2025-09-19,contact194@store194.com
SELLER-0195,Store Rivulet 195,ES,true,2026-01-30,contact195@store195.com
SELLER-0196,Store Solis 196,BR,true,2022-09-28,contact196@store196.com
SELLER-0197,Store Xenith 197,ES,true,2024-02-06,contact197@store197.com
SELLER-0198,Store Quartz 198,DE,true,2024-08-13,contact198@store198.com
SELLER-0199,Store Solis 199,IT,true,2024-10-29,contact199@store199.com
SELLER-0200,Store Brightline 200,AU,true,2023-12-03,contact200@store200.com
SELLER-0201,Store Polaris 201,IT,true,2022-09-01,contact201@store201.com
SELLER-0202,Store Forge&Co 202,MX,true,2022-02-05,contact202@store202.com
SELLER-0203,Store Forge&Co 203,mx,false,2024-09-02,contact203@store203.com
SELLER-0204,Store Evershine 204,co,true,2023-09-13,contact204@store204.com
SELLER-0205,Store Westwood 205,US,false,2025-05-12,contact205@store205.com
SELLER-0206,Store Iberia 206,CL,false,2025-05-07,contact206@store206.com
SELLER-0207,Store Iberia 207,GB,true,2025-06-07,contact207@store207.com
SELLER-0208,Store Akari 208,ES,true,2022-08-26,contact208@store208.com
SELLER-0209,Store Xenith 209,DE,true,2022-03-16,contact209@store209.com
SELLER-0210,Store Evershine 210,BR,true,2023-06-16,contact210@store210.com
SELLER-0211,Store Zephyr 211,ES,true,2023-07-27,contact211@store211.com
SELLER-0212,Store Evershine 212,CA,false,2024-02-01,contact212@store212.com
SELLER_0213,Store Northwind 213,GB,true,2024-02-06,contact213@store213.com
SELLER-0214,Store Dynaforce 214,DE,false,2025-08-07,contact214@store214.com
SELLER-0215,Store Tide 215,CL,true,2026-02-25,contact215@store215.com
SELLER-0216,Store Northwind 216,fr,true,2022-01-30,contact216@store216.com
SELLER-0217,Store Dynaforce 217,CA,true,2025-01-29,contact217@store217.com
SELLER-0218,Store Evershine 218,IT,true,2022-04-15,contact218@store218.com
SELLER-0219,Store Kestrel 219,CO,true,2025-08-31,contact219@store219.com
SELLER-0220,Store Glide 220,CO,false,2025-05-09,contact220@store220.com
SELLER-0221,Store Orion 221,CO,true,2024-01-31,contact221@store221.com
SELLER-0222,Store Westwood 222,US,true,2022-02-16,contact222@store222.com
SELLER-0223,Store Xenith 223,JP,true,2023-09-16,contact223@store223.com
SELLER-0224,Store Brightline 224,US,true,2022-12-04,contact224@store224.com
SELLER-0225,Store Rivulet 225,JP,false,2022-07-29,contact225@store225.com
SELLER-0226,Store Westwood 226,CA,true,2024-12-02,contact226@store226.com
SELLER-0227,Store Meridian 227,IT,true,2023-06-27,contact227@store227.com
SELLER-0228,Store Polaris 228,MX,true,2025-06-26,contact228@store228.com
SELLER-0229,Store Evershine 229,BR,true,2023-12-25,contact229@store229.com
SELLER-0230,Store Halcyon 230,PT,true,2022-05-14,contact230@store230.com
SELLER-0231,Store Westwood 231,de,false,2025-09-01,contact231@store231.com
SELLER-0232,Store Meridian 232,IT,true,2025-06-06,contact232@store232.com
SELLER-0233,Store Akari 233,BR,true,2024-12-20,contact233@store233.com
SELLER-0234,Store Forge&Co 234,BR,true,2022-02-08,contact234@store234.com
SELLER-0235,Store Forge&Co 235,BR,true,2023-05-14,contact235@store235.com
SELLER-0236,Store Brightline 236,JP,true,2023-11-07,contact236@store236.com
SELLER-0237,Store Quartz 237,GB,true,2023-08-30,contact237@store237.com
SELLER-0238,Store Brightline 238,MX,false,2025-11-04,contact238@store238.com
SELLER-0239,Store Iberia 239,IT,false,2025-09-02,contact239@store239.com
SELLER-0240,Store Westwood 240,CO,true,2024-03-05,contact240@store240.com
SELLER-0241,Store Westwood 241,BR,true,2024-07-21,contact241@store241.com
SELLER_0242,Store Junon 242,GB,true,2024-09-30,contact242@store242.com
SELLER-0243,Store Forge&Co 243,AR,true,2022-09-20,contact243@store243.com
SELLER_0244,Store Vela 244,CA,true,2022-01-28,contact244@store244.com
SELLER-0245,Store Glide 245,IT,false,2025-12-09,contact245@store245.com
SELLER-0246,Store Xenith 246,BR,true,2023-07-05,contact246@store246.com
SELLER-0247,Store Solis 247,BR,true,2024-07-19,contact247@store247.com
SELLER-0248,Store Glide 248,MX,true,2022-02-15,contact248@store248.com
SELLER-0249,Store Kestrel 249,CA,true,2022-11-22,contact249@store249.com
SELLER-0250,Store Umbra 250,DE,true,2024-11-27,contact250@store250.com
SELLER-0251,Store Westwood 251,ES,true,2024-02-16,contact251@store251.com
SELLER-0252,Store Brightline 252,AR,true,2024-12-14,contact252@store252.com
SELLER-0253,Store Kestrel 253,pt,true,2022-06-11,contact253@store253.com
SELLER-0254,Store Meridian 254,US,true,2023-08-30,contact254@store254.com
SELLER-0255,Store Zephyr 255,PT,true,2024-12-12,contact255@store255.com
SELLER-0256,Store Junon 256,CO,true,2025-03-25,contact256@store256.com
SELLER-0257,Store Forge&Co 257,CO,true,2023-11-01,contact257@store257.com
SELLER-0258,Store Junon 258,CA,true,2023-02-12,contact258@store258.com
SELLER-0259,Store Vela 259,US,true,2024-05-08,contact259@store259.com
SELLER-0260,Store Zephyr 260,US,false,2024-01-11,contact260@store260.com
SELLER-0261,Store Northwind 261,MX,true,2022-08-15,contact261@store261.com
SELLER-0262,Store Solis 262,JP,true,2024-08-12,contact262@store262.com
SELLER-0263,Store Westwood 263,CL,false,2025-05-23,contact263@store263.com
SELLER-0264,Store Solis 264,BR,true,2023-06-24,contact264@store264.com
SELLER-0265,Store Kestrel 265,JP,true,2024-03-11,contact265@store265.com
SELLER-0266,Store Akari 266,US,true,2025-04-06,contact266@store266.com
SELLER-0267,Store Evershine 267,JP,true,2024-08-02,contact267@store267.com
SELLER-0268,Store Zephyr 268,GB,true,2022-11-07,contact268@store268.com
SELLER-0269,Store Dynaforce 269,FR,true,2023-02-01,
SELLER_0270,Store Brightline 270,US,true,2023-11-22,contact270@store270.com
SELLER-0271,Store Glide 271,US,true,2022-12-07,contact271@store271.com
SELLER-0272,Store Yarrow 272,DE,false,2025-08-10,contact272@store272.com
SELLER-0273,Store Dynaforce 273,MX,true,2022-03-17,contact273@store273.com
SELLER_0274,Store Dynaforce 274,CA,false,2025-08-12,contact274@store274.com
SELLER-0275,Store Glide 275,US,true,2025-06-17,contact275@store275.com
SELLER-0276,Store Vela 276,AU,true,2024-03-16,contact276@store276.com
SELLER-0277,Store Solis 277,MX,true,2025-03-08,contact277@store277.com
SELLER-0278,Store Zephyr 278,AR,true,2022-01-02,contact278@store278.com
SELLER-0279,Store Luma 279,MX,true,2023-03-26,contact279@store279.com
SELLER-0280,Store Quartz 280,US,true,2025-02-24,contact280@store280.com
SELLER-0281,Store Glide 281,CO,true,2022-08-26,contact281@store281.com
SELLER-0282,Store Brightline 282,US,true,2025-03-26,contact282@store282.com
SELLER-0283,Store Dynaforce 283,ES,true,2022-11-25,contact283@store283.com
SELLER-0284,Store Meridian 284,BR,true,2025-12-20,contact284@store284.com
SELLER-0285,Store Luma 285,US,true,2023-12-24,contact285@store285.com
SELLER-0286,Store Junon 286,IT,true,2022-01-06,contact286@store286.com
SELLER-0287,Store Umbra 287,CO,true,2026-02-27,contact287@store287.com
SELLER-0288,Store Solis 288,CA,true,2024-12-18,contact288@store288.com
SELLER-0289,Store Umbra 289,BR,true,2024-08-19,contact289@store289.com
SELLER-0290,Store Westwood 290,BR,true,2025-07-12,contact290@store290.com
SELLER-0291,Store Junon 291,BR,true,2024-09-22,contact291@store291.com
SELLER_0292,Store Evershine 292,JP,false,2025-11-22,contact292@store292.com
SELLER-0293,Store Polaris 293,FR,true,2024-10-15,contact293@store293.com
SELLER-0294,Store Evershine 294,MX,true,2022-11-08,contact294@store294.com
SELLER-0295,Store Forge&Co 295,US,true,2022-08-12,contact295@store295.com
SELLER-0296,Store Orion 296,US,false,2024-08-05,contact296@store296.com
SELLER-0297,Store Quartz 297,DE,true,2022-05-12,contact297@store297.com
SELLER-0298,Store Iberia 298,US,true,2022-07-17,contact298@store298.com
SELLER-0299,Store Meridian 299,CL,false,2025-08-24,contact299@store299.com
SELLER-0300,Store Dynaforce 300,FR,true,2024-07-05,contact300@store300.com
SELLER-0301,Store Kestrel 301,US,true,2022-05-17,contact301@store301.com
SELLER-0302,Store Rivulet 302,US,false,2025-06-28,contact302@store302.com
SELLER-0303,Store Meridian 303,US,true,2024-06-12,contact303@store303.com
SELLER-0304,Store Luma 304,DE,true,2023-09-12,contact304@store304.com
SELLER-0305,Store Vela 305,CO,true,2024-07-18,contact305@store305.com
SELLER-0306,Store Evershine 306,US,false,2025-11-06,contact306@store306.com
SELLER-0307,Store Vela 307,US,true,2024-09-24,contact307@store307.com
SELLER-0308,Store Cobalt 308,US,true,2023-09-10,contact308@store308.com
SELLER-0309,Store Tide 309,DE,true,2022-12-19,contact309@store309.com
SELLER_0310,Store Vela 310,BR,true,2024-05-17,contact310@store310.com
SELLER-0311,Store Halcyon 311,GB,true,2023-05-13,contact311@store311.com
SELLER-0312,Store Dynaforce 312,DE,true,2023-11-01,contact312@store312.com
SELLER-0313,Store Vela 313,BR,true,2022-11-05,contact313@store313.com
SELLER-0314,Store Solis 314,DE,true,2023-02-28,contact314@store314.com
SELLER-0315,Store Umbra 315,US,false,2025-07-08,contact315@store315.com
SELLER-0316,Store Polaris 316,US,true,2024-12-06,contact316@store316.com
SELLER-0317,Store Evershine 317,FR,false,2025-05-20,contact317@store317.com
SELLER-0318,Store Quartz 318,mx,true,2024-11-27,contact318@store318.com
SELLER-0319,Store Xenith 319,US,false,2022-07-09,contact319@store319.com
SELLER-0320,Store Cobalt 320,CA,true,2025-04-08,contact320@store320.com
SELLER-0321,Store Luma 321,CO,true,2023-12-19,contact321@store321.com
SELLER-0322,Store Umbra 322,CL,true,2024-05-18,contact322@store322.com
SELLER-0323,Store Junon 323,US,true,2023-11-11,contact323@store323.com
SELLER-0324,Store Glide 324,CA,true,2022-11-26,contact324@store324.com
SELLER-0325,Store Xenith 325,US,true,2023-10-22,contact325@store325.com
SELLER-0326,Store Brightline 326,BR,true,2024-12-01,contact326@store326.com
SELLER-0327,Store Yarrow 327,CA,true,2023-01-29,contact327@store327.com
SELLER-0328,Store Cobalt 328,MX,true,2023-09-24,contact328@store328.com
SELLER-0329,Store Solis 329,BR,true,2022-05-04,contact329@store329.com
SELLER-0330,Store Westwood 330,US,false,2025-12-29,contact330@store330.com
SELLER-0331,Store Luma 331,DE,true,2024-10-03,contact331@store331.com
SELLER-0332,Store Tide 332,JP,true,2023-02-28,contact332@store332.com
SELLER-0333,Store Yarrow 333,US,true,2022-03-22,contact333@store333.com
SELLER_0334,Store Dynaforce 334,GB,true,2024-03-11,contact334@store334.com
SELLER-0335,Store Northwind 335,BR,true,2024-09-22,contact335@store335.com
SELLER-0336,Store Xenith 336,DE,true,2023-10-28,contact336@store336.com
SELLER-0337,Store Tide 337,ES,false,2024-01-05,contact337@store337.com
SELLER-0338,Store Yarrow 338,PT,true,2023-07-07,contact338@store338.com
SELLER-0339,Store Polaris 339,US,false,2022-01-09,contact339@store339.com
SELLER-0340,Store Cobalt 340,GB,true,2024-07-18,contact340@store340.com
SELLER-0341,Store Rivulet 341,GB,false,2025-11-29,contact341@store341.com
SELLER-0342,Store Halcyon 342,US,true,2022-12-14,contact342@store342.com
SELLER-0343,Store Meridian 343,BR,true,2023-10-03,contact343@store343.com
SELLER-0344,Store Quartz 344,AR,true,2022-12-13,contact344@store344.com
SELLER-0345,Store Westwood 345,IT,true,2024-07-31,contact345@store345.com
SELLER-0346,Store Halcyon 346,AR,false,2023-01-14,contact346@store346.com
SELLER-0347,Store Glide 347,FR,true,2025-03-11,contact347@store347.com
SELLER-0348,Store Quartz 348,US,true,2022-12-20,contact348@store348.com
SELLER-0349,Store Quartz 349,DE,true,2023-11-08,contact349@store349.com
SELLER-0350,Store Cobalt 350,GB,true,2024-05-02,contact350@store350.com
SELLER-0351,Store Northwind 351,US,true,2022-10-09,contact351@store351.com
SELLER-0352,Store Westwood 352,CL,false,2025-10-11,contact352@store352.com
SELLER_0353,Store Cobalt 353,MX,true,2024-07-20,contact353@store353.com
SELLER-0354,Store Xenith 354,ES,true,2022-07-25,contact354@store354.com
SELLER-0355,Store Meridian 355,BR,true,2025-09-08,
SELLER-0356,Store Northwind 356,US,true,2024-08-30,contact356@store356.com
SELLER-0357,Store Meridian 357,CA,true,2023-07-03,contact357@store357.com
SELLER-0358,Store Evershine 358,JP,true,2024-05-17,contact358@store358.com
SELLER-0359,Store Meridian 359,US,true,2023-05-06,contact359@store359.com
SELLER-0360,Store Rivulet 360,US,true,2023-03-19,contact360@store360.com
SELLER-0361,Store Luma 361,AU,true,2025-02-16,contact361@store361.com
SELLER-0362,Store Yarrow 362,FR,true,2022-12-13,contact362@store362.com
SELLER-0363,Store Quartz 363,BR,true,2023-10-02,contact363@store363.com
SELLER-0364,Store Zephyr 364,BR,false,2023-03-11,contact364@store364.com
SELLER-0365,Store Westwood 365,US,true,2025-01-15,contact365@store365.com
SELLER-0366,Store Cobalt 366,ES,true,2022-10-09,contact366@store366.com
SELLER-0367,Store Zephyr 367,US,true,2023-12-20,contact367@store367.com
SELLER-0368,Store Iberia 368,it,true,2023-11-23,contact368@store368.com
SELLER-0369,Store Tide 369,CL,true,2024-05-08,contact369@store369.com
SELLER-0370,Store Halcyon 370,CO,true,2022-07-16,contact370@store370.com
SELLER-0371,Store Solis 371,BR,true,2023-12-28,contact371@store371.com
SELLER-0372,Store Vela 372,es,true,2023-07-14,contact372@store372.com
SELLER-0373,Store Iberia 373,BR,true,2023-10-06,contact373@store373.com
SELLER-0374,Store Orion 374,GB,true,2024-06-21,contact374@store374.com
SELLER-0375,Store Forge&Co 375,MX,true,2022-08-07,contact375@store375.com
SELLER-0376,Store Luma 376,AU,true,2023-02-01,contact376@store376.com
SELLER-0377,Store Northwind 377,US,true,2022-11-27,contact377@store377.com
SELLER-0378,Store Dynaforce 378,DE,true,2022-07-26,contact378@store378.com
SELLER-0379,Store Quartz 379,PT,true,2025-10-08,contact379@store379.com
SELLER-0380,Store Orion 380,BR,true,2025-03-23,contact380@store380.com
SELLER-0381,Store Solis 381,US,true,2025-08-12,contact381@store381.com
SELLER-0382,Store Junon 382,MX,false,2025-05-31,contact382@store382.com
SELLER-0383,Store Akari 383,US,false,2025-03-25,contact383@store383.com
SELLER-0384,Store Evershine 384,MX,true,2022-05-16,contact384@store384.com
SELLER-0385,Store Yarrow 385,CL,true,2022-01-09,contact385@store385.com
SELLER-0386,Store Evershine 386,BR,true,2023-11-13,contact386@store386.com
SELLER-0387,Store Vela 387,US,true,2024-07-04,contact387@store387.com
SELLER-0388,Store Forge&Co 388,AU,true,2022-06-15,contact388@store388.com
SELLER-0389,Store Luma 389,FR,true,2022-04-24,contact389@store389.com
SELLER-0390,Store Cobalt 390,ES,true,2024-06-26,contact390@store390.com
SELLER-0391,Store Polaris 391,MX,true,2023-03-31,contact391@store391.com
SELLER-0392,Store Tide 392,CO,true,2024-01-03,contact392@store392.com
SELLER-0393,Store Tide 393,PT,true,2024-08-26,contact393@store393.com
SELLER-0394,Store Orion 394,MX,false,2022-10-22,contact394@store394.com
SELLER-0395,Store Meridian 395,US,false,2024-12-30,contact395@store395.com
SELLER-0396,Store Northwind 396,ES,false,2025-08-06,contact396@store396.com
SELLER-0397,Store Meridian 397,CA,true,2022-03-07,contact397@store397.com
SELLER-0398,Store Glide 398,JP,true,2023-01-28,contact398@store398.com
SELLER-0399,Store Zephyr 399,us,true,2024-10-19,contact399@store399.com
SELLER-0400,Store Umbra 400,FR,true,2023-10-25,contact400@store400.com
SELLER-0401,Store Forge&Co 401,FR,false,2025-09-28,contact401@store401.com
SELLER_0402,Store Junon 402,US,true,2023-12-27,contact402@store402.com
SELLER-0403,Store Solis 403,CL,true,2022-12-03,contact403@store403.com
SELLER-0404,Store Vela 404,US,true,2022-11-19,contact404@store404.com
SELLER-0405,Store Vela 405,GB,true,2025-03-06,contact405@store405.com
SELLER-0406,Store Evershine 406,MX,true,2022-04-01,contact406@store406.com
SELLER-0407,Store Luma 407,US,true,2025-11-16,contact407@store407.com
SELLER-0408,Store Junon 408,BR,true,2024-11-12,contact408@store408.com
SELLER-0409,Store Yarrow 409,DE,true,2022-03-08,contact409@store409.com
SELLER-0410,Store Westwood 410,DE,true,2022-11-30,contact410@store410.com
SELLER-0411,Store Tide 411,US,true,2023-10-25,contact411@store411.com
SELLER-0412,Store Northwind 412,BR,true,2024-06-07,contact412@store412.com
SELLER-0413,Store Polaris 413,US,true,2023-04-11,contact413@store413.com
SELLER-0414,Store Kestrel 414,US,true,2022-08-06,contact414@store414.com
SELLER-0415,Store Forge&Co 415,DE,true,2023-10-02,contact415@store415.com
SELLER-0416,Store Polaris 416,BR,true,2022-01-31,contact416@store416.com
SELLER_0417,Store Dynaforce 417,CL,false,2025-05-04,contact417@store417.com
SELLER-0418,Store Luma 418,PT,true,2023-01-29,contact418@store418.com
SELLER-0419,Store Northwind 419,BR,true,2024-12-26,contact419@store419.com
SELLER-0420,Store Iberia 420,US,true,2022-07-20,contact420@store420.com
SELLER-0421,Store Glide 421,br,true,2023-12-30,contact421@store421.com
SELLER-0422,Store Vela 422,MX,true,2025-01-19,contact422@store422.com
SELLER-0423,Store Xenith 423,US,true,2025-07-06,contact423@store423.com
SELLER-0424,Store Vela 424,BR,true,2023-08-19,contact424@store424.com
SELLER-0425,Store Vela 425,GB,true,2022-01-01,contact425@store425.com
SELLER-0426,Store Polaris 426,FR,true,2024-05-04,contact426@store426.com
SELLER-0427,Store Tide 427,AU,false,2025-06-06,
SELLER-0428,Store Westwood 428,BR,true,2024-12-18,contact428@store428.com
SELLER-0429,Store Glide 429,US,false,2025-12-28,contact429@store429.com
SELLER-0430,Store Evershine 430,de,true,2023-12-06,contact430@store430.com
SELLER-0431,Store Akari 431,BR,true,2025-04-27,contact431@store431.com
SELLER-0432,Store Halcyon 432,CA,true,2024-10-04,contact432@store432.com
SELLER-0433,Store Quartz 433,BR,true,2025-01-11,contact433@store433.com
SELLER-0434,Store Halcyon 434,GB,true,2025-01-16,contact434@store434.com
SELLER-0435,Store Quartz 435,MX,false,2025-05-18,
SELLER-0436,Store Rivulet 436,PT,false,2023-08-08,contact436@store436.com
SELLER-0437,Store Halcyon 437,BR,true,2023-04-21,contact437@store437.com
SELLER-0438,Store Rivulet 438,DE,true,2022-10-24,contact438@store438.com
SELLER-0439,Store Brightline 439,US,false,2025-05-11,contact439@store439.com
SELLER-0440,Store Junon 440,IT,true,2024-05-20,contact440@store440.com
SELLER-0441,Store Evershine 441,MX,true,2024-04-07,contact441@store441.com
SELLER-0442,Store Umbra 442,AR,true,2025-01-26,contact442@store442.com
SELLER-0443,Store Iberia 443,GB,true,2024-05-25,contact443@store443.com
SELLER-0444,Store Iberia 444,CA,true,2022-06-30,contact444@store444.com
SELLER-0445,Store Brightline 445,DE,true,2025-04-04,contact445@store445.com
SELLER-0446,Store Junon 446,GB,false,2025-04-21,contact446@store446.com
SELLER-0447,Store Polaris 447,US,true,2023-12-07,contact447@store447.com
SELLER-0448,Store Northwind 448,AU,true,2022-11-01,contact448@store448.com
SELLER-0449,Store Westwood 449,AR,false,2022-08-02,contact449@store449.com
SELLER-0450,Store Glide 450,JP,true,2024-02-15,contact450@store450.com
SELLER-0451,Store Forge&Co 451,FR,true,2024-05-28,contact451@store451.com
SELLER-0452,Store Forge&Co 452,GB,true,2024-01-26,contact452@store452.com
SELLER-0453,Store Quartz 453,CA,true,2023-12-17,contact453@store453.com
SELLER-0454,Store Zephyr 454,GB,true,2022-02-01,contact454@store454.com
SELLER-0455,Store Glide 455,JP,true,2024-05-11,contact455@store455.com
SELLER-0456,Store Glide 456,GB,true,2025-09-12,contact456@store456.com
SELLER-0457,Store Yarrow 457,GB,true,2024-05-03,contact457@store457.com
SELLER-0458,Store Tide 458,US,true,2024-02-09,contact458@store458.com
SELLER-0459,Store Kestrel 459,CA,true,2023-06-18,contact459@store459.com
SELLER-0460,Store Northwind 460,JP,true,2025-02-24,contact460@store460.com
SELLER-0461,Store Luma 461,CA,true,2022-12-12,
SELLER-0462,Store Tide 462,CL,true,2022-06-29,contact462@store462.com
SELLER-0463,Store Cobalt 463,US,true,2023-09-28,contact463@store463.com
SELLER-0464,Store Brightline 464,CA,true,2024-05-24,contact464@store464.com
SELLER-0465,Store Kestrel 465,ES,true,2023-01-04,contact465@store465.com
SELLER-0466,Store Dynaforce 466,BR,false,2023-11-29,contact466@store466.com
SELLER-0467,Store Umbra 467,BR,true,2022-11-24,contact467@store467.com
SELLER-0468,Store Xenith 468,MX,true,2023-12-13,contact468@store468.com
SELLER-0469,Store Halcyon 469,GB,true,2022-06-30,contact469@store469.com
SELLER-0470,Store Luma 470,IT,true,2025-04-28,contact470@store470.com
SELLER-0471,Store Zephyr 471,JP,true,2023-07-11,contact471@store471.com
SELLER-0472,Store Vela 472,MX,true,2022-04-04,contact472@store472.com
SELLER-0473,Store Kestrel 473,FR,true,2022-05-20,contact473@store473.com
SELLER-0474,Store Luma 474,MX,false,2025-07-08,contact474@store474.com
SELLER-0475,Store Cobalt 475,AR,true,2023-10-24,contact475@store475.com
SELLER-0476,Store Tide 476,US,true,2022-08-14,contact476@store476.com
SELLER-0477,Store Evershine 477,US,true,2022-12-21,contact477@store477.com
SELLER-0478,Store Evershine 478,DE,false,2025-07-28,contact478@store478.com
SELLER-0479,Store Yarrow 479,CA,true,2025-02-26,contact479@store479.com
SELLER-0480,Store Cobalt 480,GB,true,2023-04-20,contact480@store480.com
SELLER-0481,Store Iberia 481,JP,true,2022-06-16,contact481@store481.com
SELLER-0482,Store Glide 482,GB,true,2023-11-13,contact482@store482.com
SELLER-0483,Store Tide 483,CA,false,2025-11-08,contact483@store483.com
SELLER-0484,Store Junon 484,MX,true,2025-07-27,contact484@store484.com
SELLER-0485,Store Luma 485,JP,true,2023-09-09,contact485@store485.com
SELLER-0486,Store Iberia 486,DE,true,2022-08-25,contact486@store486.com
SELLER-0487,Store Glide 487,BR,true,2024-02-07,contact487@store487.com
SELLER-0488,Store Cobalt 488,MX,true,2023-07-16,contact488@store488.com
SELLER-0489,Store Westwood 489,BR,true,2022-09-25,contact489@store489.com
SELLER-0490,Store Yarrow 490,US,true,2024-11-04,contact490@store490.com
SELLER-0491,Store Rivulet 491,FR,false,2023-03-20,contact491@store491.com
SELLER-0492,Store Junon 492,MX,true,2024-03-24,contact492@store492.com
SELLER-0493,Store Forge&Co 493,US,true,2023-12-02,contact493@store493.com
SELLER-0494,Store Forge&Co 494,AU,true,2022-03-14,contact494@store494.com
SELLER-0495,Store Forge&Co 495,ES,true,2022-07-08,contact495@store495.com
SELLER-0496,Store Meridian 496,US,true,2025-02-25,contact496@store496.com
SELLER-0497,Store Evershine 497,GB,true,2022-02-17,
SELLER-0498,Store Iberia 498,BR,true,2025-03-28,contact498@store498.com
SELLER-0499,Store Vela 499,BR,true,2023-10-13,contact499@store499.com
SELLER-0500,Store Xenith 500,AR,true,2022-02-16,contact500@store500.com
SELLER-0501,Store Polaris 501,DE,true,2022-10-02,contact501@store501.com
SELLER_0502,Store Glide 502,US,false,2024-12-12,contact502@store502.com
SELLER-0503,Store Vela 503,MX,true,2025-01-30,contact503@store503.com
SELLER-0504,Store Junon 504,MX,false,2023-09-25,contact504@store504.com
SELLER-0505,Store Brightline 505,US,true,2024-03-28,contact505@store505.com
SELLER-0506,Store Luma 506,CA,true,2024-01-22,contact506@store506.com
SELLER-0507,Store Yarrow 507,DE,false,2023-05-17,contact507@store507.com
SELLER-0508,Store Dynaforce 508,BR,true,2025-08-14,contact508@store508.com
SELLER-0509,Store Cobalt 509,FR,false,2025-10-28,
SELLER-0510,Store Cobalt 510,US,false,2025-10-10,contact510@store510.com
SELLER-0511,Store Polaris 511,BR,true,2025-04-27,contact511@store511.com
SELLER-0512,Store Evershine 512,US,true,2022-02-15,contact512@store512.com
SELLER-0513,Store Dynaforce 513,GB,true,2025-03-25,contact513@store513.com
SELLER-0514,Store Forge&Co 514,CA,false,2024-07-25,contact514@store514.com
SELLER-0515,Store Iberia 515,AR,true,2022-12-10,contact515@store515.com
SELLER-0516,Store Tide 516,US,true,2024-12-28,contact516@store516.com
SELLER-0517,Store Halcyon 517,PT,false,2023-08-11,contact517@store517.com
SELLER-0518,Store Xenith 518,US,true,2024-10-02,contact518@store518.com
SELLER_0519,Store Brightline 519,US,true,2024-08-12,contact519@store519.com
SELLER-0520,Store Rivulet 520,ES,true,2022-01-04,contact520@store520.com
SELLER-0521,Store Evershine 521,US,false,2025-11-14,contact521@store521.com
SELLER-0522,Store Brightline 522,BR,false,2025-12-27,contact522@store522.com
SELLER-0523,Store Junon 523,CA,true,2025-08-23,contact523@store523.com
SELLER-0524,Store Akari 524,US,true,2023-11-18,contact524@store524.com
SELLER-0525,Store Xenith 525,MX,true,2022-10-22,contact525@store525.com
SELLER-0526,Store Zephyr 526,DE,true,2023-03-06,contact526@store526.com
SELLER-0527,Store Junon 527,gb,false,2025-12-19,contact527@store527.com
SELLER-0528,Store Solis 528,US,true,2025-01-08,contact528@store528.com
SELLER-0529,Store Polaris 529,CL,true,2024-12-10,contact529@store529.com
SELLER-0530,Store Forge&Co 530,FR,true,2024-01-13,contact530@store530.com
SELLER-0531,Store Yarrow 531,CA,true,2022-08-21,contact531@store531.com
SELLER-0532,Store Westwood 532,CO,true,2022-04-14,contact532@store532.com
SELLER-0533,Store Cobalt 533,CL,true,2024-04-26,contact533@store533.com
SELLER-0534,Store Cobalt 534,CA,true,2024-07-28,contact534@store534.com
SELLER-0535,Store Kestrel 535,CL,true,2023-05-30,contact535@store535.com
SELLER-0536,Store Orion 536,CA,true,2023-03-09,contact536@store536.com
SELLER-0537,Store Polaris 537,GB,false,2024-08-18,contact537@store537.com
SELLER-0538,Store Polaris 538,JP,false,2024-08-27,
SELLER-0539,Store Northwind 539,CA,true,2024-02-08,contact539@store539.com
SELLER-0540,Store Solis 540,DE,true,2023-10-09,contact540@store540.com
SELLER-0541,Store Halcyon 541,BR,false,2025-07-12,contact541@store541.com
SELLER-0542,Store Polaris 542,AU,true,2025-08-23,contact542@store542.com
SELLER_0543,Store Northwind 543,DE,false,2023-03-11,contact543@store543.com
SELLER-0544,Store Yarrow 544,FR,false,2025-04-18,contact544@store544.com
SELLER-0545,Store Kestrel 545,BR,true,2022-09-24,contact545@store545.com
SELLER-0546,Store Cobalt 546,FR,true,2024-01-28,contact546@store546.com
SELLER-0547,Store Northwind 547,GB,true,2025-09-07,contact547@store547.com
SELLER-0548,Store Westwood 548,US,false,2025-09-06,contact548@store548.com
SELLER-0549,Store Akari 549,US,true,2024-02-28,contact549@store549.com
SELLER-0550,Store Westwood 550,DE,true,2022-07-08,contact550@store550.com
SELLER-0551,Store Meridian 551,FR,true,2023-10-06,contact551@store551.com
SELLER-0552,Store Westwood 552,PT,true,2024-04-14,contact552@store552.com
SELLER-0553,Store Evershine 553,BR,true,2024-04-25,contact553@store553.com
SELLER-0554,Store Tide 554,AU,true,2022-01-19,contact554@store554.com
SELLER-0555,Store Dynaforce 555,FR,true,2022-02-23,contact555@store555.com
SELLER-0556,Store Iberia 556,CL,true,2025-12-19,contact556@store556.com
SELLER-0557,Store Solis 557,AU,false,2025-08-11,contact557@store557.com
SELLER-0558,Store Evershine 558,CA,true,2024-08-20,contact558@store558.com
SELLER-0559,Store Forge&Co 559,AR,true,2023-12-26,contact559@store559.com
SELLER-0560,Store Solis 560,CO,false,2026-01-31,contact560@store560.com
SELLER-0561,Store Polaris 561,GB,true,2024-06-24,
SELLER-0562,Store Northwind 562,US,true,2024-07-12,contact562@store562.com
SELLER-0563,Store Orion 563,AR,true,2024-08-22,contact563@store563.com
SELLER-0564,Store Akari 564,CL,true,2024-04-29,contact564@store564.com
SELLER-0565,Store Polaris 565,PT,true,2026-02-09,contact565@store565.com
SELLER-0566,Store Umbra 566,US,true,2022-07-24,contact566@store566.com
SELLER-0567,Store Yarrow 567,IT,true,2023-10-25,contact567@store567.com
SELLER-0568,Store Umbra 568,MX,false,2023-07-24,contact568@store568.com
SELLER-0569,Store Orion 569,US,true,2024-01-11,contact569@store569.com
SELLER-0570,Store Forge&Co 570,GB,true,2022-03-07,contact570@store570.com
SELLER-0571,Store Umbra 571,CO,true,2024-05-21,contact571@store571.com
SELLER-0572,Store Iberia 572,US,false,2025-10-18,contact572@store572.com
SELLER-0573,Store Vela 573,GB,true,2022-08-22,
SELLER_0574,Store Akari 574,GB,true,2025-11-10,contact574@store574.com
SELLER-0575,Store Tide 575,MX,false,2025-12-21,contact575@store575.com
SELLER-0576,Store Northwind 576,ES,false,2025-08-26,contact576@store576.com
SELLER-0577,Store Solis 577,CA,true,2024-05-17,
SELLER-0578,Store Junon 578,PT,true,2025-12-25,contact578@store578.com
SELLER-0579,Store Junon 579,GB,true,2025-06-13,contact579@store579.com
SELLER-0580,Store Rivulet 580,JP,true,2023-07-06,contact580@store580.com
SELLER-0581,Store Cobalt 581,BR,true,2022-05-28,contact581@store581.com
SELLER_0582,Store Glide 582,MX,false,2025-11-21,contact582@store582.com
SELLER-0583,Store Zephyr 583,AU,true,2023-07-29,contact583@store583.com
SELLER-0584,Store Evershine 584,US,false,2022-07-12,contact584@store584.com
SELLER-0585,Store Forge&Co 585,br,true,2024-06-13,contact585@store585.com
SELLER-0586,Store Umbra 586,IT,true,2025-06-13,contact586@store586.com
SELLER-0587,Store Forge&Co 587,PT,false,2025-07-23,contact587@store587.com
SELLER-0588,Store Rivulet 588,AU,true,2022-03-29,contact588@store588.com
SELLER-0589,Store Luma 589,AU,true,2024-01-10,contact589@store589.com
SELLER-0590,Store Xenith 590,MX,true,2023-03-24,contact590@store590.com
SELLER-0591,Store Westwood 591,CA,true,2023-03-05,contact591@store591.com
SELLER_0592,Store Rivulet 592,BR,true,2023-10-20,contact592@store592.com
SELLER-0593,Store Kestrel 593,CA,true,2022-10-05,contact593@store593.com
SELLER-0594,Store Dynaforce 594,MX,false,2025-02-12,contact594@store594.com
SELLER-0595,Store Vela 595,CA,true,2022-05-03,contact595@store595.com
SELLER-0596,Store Brightline 596,FR,true,2025-02-20,contact596@store596.com
SELLER-0597,Store Yarrow 597,US,true,2025-07-13,contact597@store597.com
SELLER-0598,Store Glide 598,US,false,2026-02-07,contact598@store598.com
SELLER-0599,Store Polaris 599,CA,true,2023-05-30,contact599@store599.com
SELLER-0600,Store Umbra 600,MX,false,2024-02-19,contact600@store600.com
SELLER-0601,Store Evershine 601,AR,true,2023-04-23,contact601@store601.com
SELLER-0602,Store Tide 602,PT,true,2025-04-27,contact602@store602.com
SELLER-0603,Store Forge&Co 603,US,true,2023-03-16,contact603@store603.com
SELLER-0604,Store Zephyr 604,AR,true,2023-07-16,contact604@store604.com
SELLER-0605,Store Brightline 605,MX,true,2022-08-06,contact605@store605.com
SELLER-0606,Store Xenith 606,GB,true,2022-05-14,contact606@store606.com
SELLER-0607,Store Glide 607,CA,true,2023-04-03,contact607@store607.com
SELLER-0608,Store Northwind 608,BR,true,2023-09-19,
SELLER-0609,Store Polaris 609,JP,true,2023-01-15,contact609@store609.com
SELLER-0610,Store Tide 610,GB,true,2022-06-09,contact610@store610.com
SELLER-0611,Store Polaris 611,BR,true,2025-04-28,contact611@store611.com
SELLER-0612,Store Luma 612,US,true,2022-12-24,contact612@store612.com
SELLER-0613,Store Rivulet 613,DE,true,2024-03-26,contact613@store613.com
SELLER-0614,Store Brightline 614,ES,true,2022-05-01,contact614@store614.com
SELLER-0615,Store Vela 615,US,true,2025-04-20,contact615@store615.com
SELLER-0616,Store Dynaforce 616,GB,true,2022-08-06,contact616@store616.com
SELLER-0617,Store Luma 617,US,true,2022-07-11,contact617@store617.com
SELLER-0618,Store Solis 618,CA,false,2025-08-07,contact618@store618.com
SELLER-0619,Store Zephyr 619,DE,true,2023-04-18,contact619@store619.com
SELLER-0620,Store Cobalt 620,CL,true,2022-07-11,contact620@store620.com
SELLER-0621,Store Westwood 621,MX,true,2025-12-27,contact621@store621.com
SELLER-0622,Store Yarrow 622,JP,true,2022-04-11,contact622@store622.com
SELLER-0623,Store Rivulet 623,JP,true,2025-11-16,contact623@store623.com
SELLER-0624,Store Akari 624,ES,true,2022-05-01,contact624@store624.com
SELLER-0625,Store Umbra 625,AU,true,2025-09-08,contact625@store625.com
SELLER-0626,Store Orion 626,PT,true,2022-09-02,contact626@store626.com
SELLER-0627,Store Glide 627,br,true,2023-03-03,contact627@store627.com
SELLER-0628,Store Forge&Co 628,US,true,2023-04-08,contact628@store628.com
SELLER-0629,Store Glide 629,IT,true,2022-05-01,contact629@store629.com
SELLER-0630,Store Luma 630,US,true,2022-08-06,contact630@store630.com
SELLER-0631,Store Dynaforce 631,FR,true,2024-06-22,contact631@store631.com
SELLER-0632,Store Brightline 632,FR,true,2023-11-26,contact632@store632.com
SELLER-0633,Store Polaris 633,CA,true,2023-09-11,contact633@store633.com
SELLER-0634,Store Vela 634,US,true,2022-10-22,contact634@store634.com
SELLER-0635,Store Meridian 635,US,true,2022-08-25,contact635@store635.com
SELLER-0636,Store Zephyr 636,DE,true,2026-02-04,contact636@store636.com
SELLER-0637,Store Dynaforce 637,GB,true,2025-08-14,contact637@store637.com
SELLER-0638,Store Zephyr 638,DE,true,2024-05-19,contact638@store638.com
SELLER-0639,Store Northwind 639,AR,true,2024-11-04,contact639@store639.com
SELLER-0640,Store Junon 640,BR,true,2025-01-05,contact640@store640.com
SELLER-0641,Store Yarrow 641,AR,false,2025-10-07,contact641@store641.com
SELLER-0642,Store Meridian 642,MX,false,2025-09-07,contact642@store642.com
SELLER-0643,Store Tide 643,CA,true,2023-08-19,contact643@store643.com
SELLER-0644,Store Kestrel 644,BR,false,2025-08-10,contact644@store644.com
SELLER-0645,Store Solis 645,US,true,2022-02-25,contact645@store645.com
SELLER-0646,Store Forge&Co 646,GB,true,2024-10-13,contact646@store646.com
SELLER-0647,Store Glide 647,FR,true,2023-08-12,contact647@store647.com
SELLER-0648,Store Orion 648,MX,true,2025-11-23,contact648@store648.com
SELLER-0649,Store Dynaforce 649,US,true,2022-08-30,contact649@store649.com
SELLER-0650,Store Cobalt 650,IT,true,2025-04-29,contact650@store650.com
SELLER-0651,Store Glide 651,DE,true,2022-11-28,contact651@store651.com
SELLER-0652,Store Polaris 652,CO,true,2025-01-22,contact652@store652.com
SELLER-0653,Store Evershine 653,US,true,2022-05-16,contact653@store653.com
SELLER-0654,Store Xenith 654,CO,true,2023-08-07,contact654@store654.com
SELLER-0655,Store Umbra 655,CA,true,2023-02-18,contact655@store655.com
SELLER-0656,Store Quartz 656,DE,true,2023-03-03,contact656@store656.com
SELLER-0657,Store Junon 657,AR,true,2024-05-05,contact657@store657.com
SELLER-0658,Store Halcyon 658,DE,false,2025-10-05,contact658@store658.com
SELLER-0659,Store Orion 659,ES,false,2025-01-06,contact659@store659.com
SELLER-0660,Store Forge&Co 660,CL,true,2023-08-22,contact660@store660.com
SELLER-0661,Store Brightline 661,ES,false,2025-12-10,contact661@store661.com
SELLER-0662,Store Forge&Co 662,ES,true,2022-12-12,contact662@store662.com
SELLER-0663,Store Kestrel 663,MX,false,2025-12-25,contact663@store663.com
SELLER-0664,Store Rivulet 664,CA,true,2024-11-04,contact664@store664.com
SELLER-0665,Store Junon 665,US,true,2024-12-17,contact665@store665.com
SELLER-0666,Store Dynaforce 666,JP,false,2025-05-23,
SELLER-0667,Store Akari 667,CO,true,2025-03-19,contact667@store667.com
SELLER-0668,Store Meridian 668,AR,true,2023-06-01,contact668@store668.com
SELLER-0669,Store Dynaforce 669,BR,true,2022-12-31,contact669@store669.com
SELLER-0670,Store Zephyr 670,CO,true,2025-04-12,contact670@store670.com
SELLER-0671,Store Westwood 671,US,false,2026-02-20,contact671@store671.com
SELLER-0672,Store Westwood 672,PT,true,2025-08-13,contact672@store672.com
SELLER-0673,Store Quartz 673,MX,true,2024-09-07,contact673@store673.com
SELLER-0674,Store Junon 674,CA,false,2025-10-08,contact674@store674.com
SELLER-0675,Store Rivulet 675,AU,true,2022-03-11,contact675@store675.com
SELLER-0676,Store Forge&Co 676,MX,false,2025-03-27,contact676@store676.com
SELLER-0677,Store Xenith 677,MX,true,2024-09-06,contact677@store677.com
SELLER-0678,Store Solis 678,US,true,2023-07-09,contact678@store678.com
SELLER-0679,Store Brightline 679,US,true,2022-07-22,contact679@store679.com
SELLER-0680,Store Luma 680,ES,true,2025-03-08,contact680@store680.com
SELLER-0681,Store Iberia 681,IT,true,2023-11-29,contact681@store681.com
SELLER-0682,Store Vela 682,BR,true,2022-01-12,contact682@store682.com
SELLER-0683,Store Solis 683,DE,true,2023-09-07,contact683@store683.com
SELLER-0684,Store Luma 684,GB,true,2024-02-14,contact684@store684.com
SELLER-0685,Store Dynaforce 685,IT,true,2024-08-05,contact685@store685.com
SELLER-0686,Store Junon 686,PT,true,2022-11-18,contact686@store686.com
SELLER-0687,Store Cobalt 687,US,true,2023-10-02,contact687@store687.com
SELLER-0688,Store Umbra 688,MX,false,2024-07-31,contact688@store688.com
SELLER-0689,Store Rivulet 689,JP,true,2024-04-13,contact689@store689.com
SELLER-0690,Store Orion 690,MX,false,2025-10-30,contact690@store690.com
SELLER-0691,Store Luma 691,US,false,2025-06-26,contact691@store691.com
SELLER-0692,Store Kestrel 692,US,true,2024-12-25,contact692@store692.com
SELLER-0693,Store Brightline 693,US,true,2022-12-29,contact693@store693.com
SELLER-0694,Store Luma 694,GB,true,2024-07-05,contact694@store694.com
SELLER-0695,Store Junon 695,CO,true,2025-10-10,contact695@store695.com
SELLER-0696,Store Solis 696,FR,true,2022-04-09,contact696@store696.com
SELLER-0697,Store Westwood 697,ES,true,2022-04-06,contact697@store697.com
SELLER-0698,Store Vela 698,DE,true,2025-02-21,contact698@store698.com
SELLER-0699,Store Umbra 699,BR,true,2023-03-24,contact699@store699.com
SELLER-0700,Store Junon 700,ES,true,2025-12-25,contact700@store700.com
SELLER_0701,Store Cobalt 701,US,true,2023-02-12,contact701@store701.com
SELLER-0702,Store Junon 702,CA,true,2022-05-26,contact702@store702.com
SELLER_0703,Store Quartz 703,US,true,2025-09-30,contact703@store703.com
SELLER-0704,Store Halcyon 704,FR,true,2024-01-01,contact704@store704.com
SELLER-0705,Store Evershine 705,US,true,2022-04-22,contact705@store705.com
SELLER-0706,Store Solis 706,CO,true,2025-03-27,contact706@store706.com
SELLER-0707,Store Umbra 707,US,true,2023-01-19,contact707@store707.com
SELLER-0708,Store Rivulet 708,US,true,2022-12-26,contact708@store708.com
SELLER-0709,Store Vela 709,FR,true,2025-01-22,contact709@store709.com
SELLER-0710,Store Iberia 710,US,true,2022-07-04,contact710@store710.com
SELLER-0711,Store Westwood 711,US,true,2025-03-08,contact711@store711.com
SELLER-0712,Store Junon 712,BR,false,2023-12-24,contact712@store712.com
SELLER-0713,Store Cobalt 713,ES,false,2025-12-11,contact713@store713.com
SELLER-0714,Store Glide 714,US,true,2024-12-31,contact714@store714.com
SELLER-0715,Store Zephyr 715,US,true,2026-01-13,contact715@store715.com
SELLER-0716,Store Vela 716,CL,false,2026-01-18,contact716@store716.com
SELLER-0717,Store Kestrel 717,BR,false,2024-11-27,contact717@store717.com
SELLER-0718,Store Zephyr 718,US,true,2024-03-01,contact718@store718.com
SELLER-0719,Store Kestrel 719,US,false,2022-05-17,contact719@store719.com
SELLER_0720,Store Cobalt 720,CO,true,2024-07-16,contact720@store720.com
SELLER-0721,Store Dynaforce 721,AU,true,2022-03-10,contact721@store721.com
SELLER-0722,Store Zephyr 722,US,false,2025-06-27,contact722@store722.com
SELLER-0723,Store Westwood 723,cl,true,2022-05-01,contact723@store723.com
SELLER-0724,Store Meridian 724,PT,true,2025-02-24,contact724@store724.com
SELLER-0725,Store Vela 725,US,true,2024-07-27,contact725@store725.com
SELLER-0726,Store Halcyon 726,CL,true,2022-12-13,contact726@store726.com
SELLER-0727,Store Dynaforce 727,BR,true,2023-05-23,contact727@store727.com
SELLER-0728,Store Yarrow 728,CA,true,2025-04-06,contact728@store728.com
SELLER-0729,Store Akari 729,BR,true,2023-04-22,contact729@store729.com
SELLER-0730,Store Tide 730,BR,true,2023-04-04,contact730@store730.com
SELLER-0731,Store Kestrel 731,IT,true,2023-12-13,contact731@store731.com
SELLER_0732,Store Solis 732,AR,true,2022-06-20,contact732@store732.com
SELLER_0733,Store Cobalt 733,ES,true,2024-01-24,contact733@store733.com
SELLER-0734,Store Cobalt 734,PT,true,2024-06-14,contact734@store734.com
SELLER-0735,Store Cobalt 735,US,true,2022-12-27,contact735@store735.com
SELLER-0736,Store Luma 736,BR,true,2023-12-09,contact736@store736.com
SELLER-0737,Store Junon 737,BR,false,2025-12-18,contact737@store737.com
SELLER-0738,Store Umbra 738,ES,true,2024-09-02,contact738@store738.com
SELLER-0739,Store Polaris 739,IT,true,2022-11-19,contact739@store739.com
SELLER-0740,Store Westwood 740,IT,true,2023-07-17,contact740@store740.com
SELLER-0741,Store Iberia 741,US,true,2024-06-05,contact741@store741.com
SELLER-0742,Store Quartz 742,GB,true,2023-04-30,contact742@store742.com
SELLER-0743,Store Tide 743,CA,false,2024-04-01,contact743@store743.com
SELLER-0744,Store Meridian 744,BR,true,2022-05-24,contact744@store744.com
SELLER-0745,Store Westwood 745,CA,false,2026-01-16,contact745@store745.com
SELLER_0746,Store Forge&Co 746,US,false,2023-03-03,contact746@store746.com
SELLER-0747,Store Evershine 747,PT,true,2023-01-18,contact747@store747.com
SELLER-0748,Store Cobalt 748,ES,true,2025-09-07,contact748@store748.com
SELLER-0749,Store Kestrel 749,CO,true,2025-09-01,contact749@store749.com
SELLER-0750,Store Luma 750,MX,true,2023-08-21,contact750@store750.com
SELLER-0751,Store Forge&Co 751,BR,false,2026-01-25,contact751@store751.com
SELLER-0752,Store Brightline 752,IT,true,2022-05-03,contact752@store752.com
SELLER-0753,Store Zephyr 753,US,true,2022-10-07,contact753@store753.com
SELLER-0754,Store Evershine 754,MX,true,2025-06-11,contact754@store754.com
SELLER-0755,Store Tide 755,IT,true,2022-06-19,contact755@store755.com
SELLER-0756,Store Kestrel 756,PT,true,2024-02-03,contact756@store756.com
SELLER-0757,Store Halcyon 757,ES,true,2024-02-15,contact757@store757.com
SELLER-0758,Store Zephyr 758,BR,false,2025-07-07,contact758@store758.com
SELLER-0759,Store Vela 759,us,true,2024-01-31,contact759@store759.com
SELLER-0760,Store Evershine 760,AU,true,2022-11-25,contact760@store760.com
SELLER-0761,Store Xenith 761,DE,false,2025-09-13,contact761@store761.com
SELLER-0762,Store Halcyon 762,BR,true,2023-05-24,contact762@store762.com
SELLER-0763,Store Solis 763,BR,true,2024-04-29,contact763@store763.com
SELLER-0764,Store Rivulet 764,US,false,2023-03-03,contact764@store764.com
SELLER_0765,Store Cobalt 765,BR,false,2022-09-01,contact765@store765.com
SELLER-0766,Store Glide 766,JP,true,2022-05-03,contact766@store766.com
SELLER-0767,Store Iberia 767,US,true,2022-08-08,contact767@store767.com
SELLER-0768,Store Kestrel 768,GB,true,2024-03-09,contact768@store768.com
SELLER-0769,Store Tide 769,GB,true,2025-06-09,contact769@store769.com
SELLER-0770,Store Dynaforce 770,US,true,2022-07-06,contact770@store770.com
SELLER-0771,Store Yarrow 771,CL,true,2022-07-04,contact771@store771.com
SELLER-0772,Store Dynaforce 772,US,true,2025-02-10,contact772@store772.com
SELLER-0773,Store Westwood 773,GB,true,2024-07-24,contact773@store773.com
SELLER-0774,Store Vela 774,BR,true,2022-03-08,contact774@store774.com
SELLER-0775,Store Kestrel 775,US,true,2024-12-31,contact775@store775.com
SELLER_0776,Store Vela 776,AR,false,2025-12-02,contact776@store776.com
SELLER-0777,Store Kestrel 777,US,true,2023-02-25,contact777@store777.com
SELLER-0778,Store Zephyr 778,CO,true,2025-12-20,contact778@store778.com
SELLER-0779,Store Vela 779,US,false,2024-01-20,contact779@store779.com
SELLER-0780,Store Luma 780,US,true,2023-09-06,contact780@store780.com
SELLER-0781,Store Westwood 781,gb,true,2024-12-11,contact781@store781.com
SELLER-0782,Store Luma 782,FR,true,2022-01-05,contact782@store782.com
SELLER-0783,Store Yarrow 783,FR,true,2022-12-07,contact783@store783.com
SELLER-0784,Store Junon 784,CL,true,2025-07-28,contact784@store784.com
SELLER-0785,Store Iberia 785,IT,true,2022-07-20,contact785@store785.com
SELLER-0786,Store Brightline 786,BR,true,2024-02-21,contact786@store786.com
SELLER-0787,Store Polaris 787,CO,true,2022-05-08,contact787@store787.com
SELLER-0788,Store Xenith 788,US,true,2026-02-08,contact788@store788.com
SELLER_0789,Store Dynaforce 789,IT,true,2024-03-14,contact789@store789.com
SELLER-0790,Store Rivulet 790,IT,false,2022-03-05,contact790@store790.com
SELLER-0791,Store Akari 791,DE,true,2023-08-22,contact791@store791.com
SELLER-0792,Store Umbra 792,FR,true,2022-01-04,contact792@store792.com
SELLER-0793,Store Polaris 793,US,true,2024-09-01,contact793@store793.com
SELLER-0794,Store Kestrel 794,AU,true,2024-06-26,contact794@store794.com
SELLER-0795,Store Tide 795,US,true,2022-06-19,contact795@store795.com
SELLER-0796,Store Glide 796,CA,false,2024-01-28,contact796@store796.com
SELLER-0797,Store Forge&Co 797,CA,true,2022-05-18,contact797@store797.com
SELLER-0798,Store Dynaforce 798,AR,true,2023-08-11,contact798@store798.com
SELLER-0799,Store Iberia 799,FR,true,2023-09-30,contact799@store799.com
SELLER-0800,Store Forge&Co 800,PT,true,2024-01-30,contact800@store800.com
SELLER-0801,Store Iberia 801,US,true,2024-07-10,contact801@store801.com
SELLER-0802,Store Xenith 802,CO,false,2025-07-10,contact802@store802.com
SELLER-0803,Store Tide 803,DE,true,2022-06-30,contact803@store803.com
SELLER-0804,Store Iberia 804,US,true,2022-11-21,contact804@store804.com
SELLER-0805,Store Evershine 805,CA,false,2022-04-02,contact805@store805.com
SELLER-0806,Store Glide 806,FR,true,2023-01-14,contact806@store806.com
SELLER-0807,Store Cobalt 807,CA,true,2025-12-14,contact807@store807.com
SELLER-0808,Store Tide 808,MX,false,2025-06-18,contact808@store808.com
SELLER-0809,Store Vela 809,MX,true,2022-11-08,contact809@store809.com
SELLER-0810,Store Junon 810,FR,true,2025-09-06,contact810@store810.com
SELLER-0811,Store Northwind 811,IT,true,2023-03-29,contact811@store811.com
SELLER-0812,Store Meridian 812,BR,true,2022-12-20,contact812@store812.com
SELLER-0813,Store Forge&Co 813,BR,false,2025-12-07,contact813@store813.com
SELLER-0814,Store Junon 814,US,true,2026-02-07,contact814@store814.com
SELLER-0815,Store Forge&Co 815,US,true,2022-04-26,contact815@store815.com
SELLER-0816,Store Orion 816,CA,false,2025-07-21,contact816@store816.com
SELLER-0817,Store Solis 817,AU,false,2023-05-21,contact817@store817.com
SELLER-0818,Store Orion 818,JP,true,2023-12-05,contact818@store818.com
SELLER_0819,Store Solis 819,BR,false,2025-05-28,contact819@store819.com
SELLER-0820,Store Solis 820,US,true,2025-02-09,contact820@store820.com
SELLER-0821,Store Glide 821,US,true,2022-12-12,contact821@store821.com
SELLER-0822,Store Forge&Co 822,GB,true,2023-07-26,contact822@store822.com
SELLER-0823,Store Rivulet 823,GB,true,2023-10-01,contact823@store823.com
SELLER-0824,Store Yarrow 824,US,false,2024-08-09,contact824@store824.com
SELLER-0825,Store Westwood 825,ca,true,2022-09-17,contact825@store825.com
SELLER-0826,Store Tide 826,BR,true,2022-12-08,contact826@store826.com
SELLER-0827,Store Brightline 827,CL,false,2025-10-05,contact827@store827.com
SELLER-0828,Store Meridian 828,mx,true,2023-05-29,contact828@store828.com
SELLER-0829,Store Glide 829,GB,true,2024-04-14,contact829@store829.com
SELLER-0830,Store Halcyon 830,BR,false,2025-09-28,contact830@store830.com
SELLER-0831,Store Orion 831,US,false,2023-03-24,contact831@store831.com
SELLER-0832,Store Halcyon 832,DE,true,2022-01-12,contact832@store832.com
SELLER-0833,Store Umbra 833,ES,true,2022-09-08,contact833@store833.com
SELLER-0834,Store Polaris 834,GB,true,2022-04-15,contact834@store834.com
SELLER-0835,Store Evershine 835,US,false,2026-01-04,contact835@store835.com
SELLER-0836,Store Meridian 836,US,true,2022-04-09,contact836@store836.com
SELLER-0837,Store Vela 837,CA,true,2023-09-25,contact837@store837.com
SELLER-0838,Store Tide 838,DE,true,2023-12-16,contact838@store838.com
SELLER-0839,Store Junon 839,BR,true,2022-10-30,contact839@store839.com
SELLER-0840,Store Dynaforce 840,US,true,2025-06-16,contact840@store840.com
SELLER-0841,Store Tide 841,US,false,2023-03-13,contact841@store841.com
SELLER-0842,Store Westwood 842,GB,true,2023-04-18,contact842@store842.com
SELLER-0843,Store Polaris 843,CO,true,2022-08-13,contact843@store843.com
SELLER-0844,Store Evershine 844,IT,false,2025-07-04,contact844@store844.com
SELLER-0845,Store Polaris 845,CA,true,2022-12-27,contact845@store845.com
SELLER-0846,Store Kestrel 846,US,true,2025-02-18,contact846@store846.com
SELLER-0847,Store Luma 847,PT,false,2025-08-16,contact847@store847.com
SELLER-0848,Store Zephyr 848,DE,true,2022-03-01,contact848@store848.com
SELLER-0849,Store Quartz 849,CL,true,2023-01-31,contact849@store849.com
SELLER-0850,Store Quartz 850,US,true,2022-07-01,contact850@store850.com
SELLER-0851,Store Glide 851,MX,true,2024-12-13,contact851@store851.com
SELLER-0852,Store Yarrow 852,AU,true,2025-01-15,contact852@store852.com
SELLER-0853,Store Kestrel 853,US,true,2024-08-10,contact853@store853.com
SELLER-0854,Store Northwind 854,CO,false,2025-09-15,contact854@store854.com
SELLER-0855,Store Glide 855,DE,true,2023-03-03,contact855@store855.com
SELLER-0856,Store Glide 856,MX,true,2024-08-06,contact856@store856.com
SELLER-0857,Store Evershine 857,CA,false,2025-07-11,contact857@store857.com
SELLER-0858,Store Orion 858,CO,false,2023-11-05,contact858@store858.com
SELLER-0859,Store Evershine 859,ES,true,2022-11-02,contact859@store859.com
SELLER-0860,Store Polaris 860,CL,true,2024-08-03,contact860@store860.com
SELLER-0861,Store Glide 861,US,false,2025-12-16,contact861@store861.com
SELLER-0862,Store Yarrow 862,US,true,2023-05-27,contact862@store862.com
SELLER-0863,Store Kestrel 863,ES,true,2022-09-15,contact863@store863.com
SELLER-0864,Store Glide 864,AR,true,2022-10-20,contact864@store864.com
SELLER-0865,Store Akari 865,BR,false,2022-10-31,contact865@store865.com
SELLER-0866,Store Yarrow 866,CO,true,2022-04-10,contact866@store866.com
SELLER-0867,Store Yarrow 867,IT,true,2024-04-10,contact867@store867.com
SELLER_0868,Store Junon 868,CL,true,2025-08-01,contact868@store868.com
SELLER-0869,Store Xenith 869,de,true,2022-03-05,contact869@store869.com
SELLER-0870,Store Umbra 870,US,true,2024-02-24,contact870@store870.com
SELLER-0871,Store Tide 871,US,true,2025-02-28,contact871@store871.com
SELLER-0872,Store Meridian 872,GB,true,2023-09-30,contact872@store872.com
SELLER-0873,Store Xenith 873,MX,false,2024-10-16,contact873@store873.com
SELLER-0874,Store Yarrow 874,US,true,2025-09-02,contact874@store874.com
SELLER-0875,Store Glide 875,US,true,2023-05-06,contact875@store875.com
SELLER-0876,Store Akari 876,US,false,2025-06-04,contact876@store876.com
SELLER-0877,Store Brightline 877,GB,true,2023-04-25,contact877@store877.com
SELLER-0878,Store Polaris 878,IT,true,2022-07-31,contact878@store878.com
SELLER-0879,Store Vela 879,IT,true,2023-11-26,contact879@store879.com
SELLER-0880,Store Kestrel 880,US,false,2026-01-11,contact880@store880.com
SELLER_0881,Store Quartz 881,IT,true,2023-02-22,contact881@store881.com
SELLER-0882,Store Yarrow 882,CA,false,2025-07-16,contact882@store882.com
SELLER-0883,Store Halcyon 883,US,true,2022-08-27,contact883@store883.com
SELLER-0884,Store Meridian 884,MX,true,2024-06-14,contact884@store884.com
SELLER-0885,Store Orion 885,MX,true,2024-07-16,contact885@store885.com
SELLER-0886,Store Rivulet 886,IT,true,2025-10-12,contact886@store886.com
SELLER-0887,Store Luma 887,GB,true,2024-02-18,contact887@store887.com
SELLER-0888,Store Akari 888,ES,true,2024-04-30,contact888@store888.com
SELLER-0889,Store Westwood 889,DE,true,2022-09-15,contact889@store889.com
SELLER-0890,Store Evershine 890,BR,false,2025-12-17,contact890@store890.com
SELLER-0891,Store Xenith 891,BR,true,2025-03-15,contact891@store891.com
SELLER-0892,Store Polaris 892,US,false,2024-07-26,contact892@store892.com
SELLER-0893,Store Northwind 893,US,false,2025-06-23,contact893@store893.com
SELLER-0894,Store Cobalt 894,DE,true,2022-03-11,contact894@store894.com
SELLER-0895,Store Polaris 895,CA,true,2023-06-17,contact895@store895.com
SELLER-0896,Store Solis 896,FR,true,2023-10-12,contact896@store896.com
SELLER_0897,Store Rivulet 897,CA,true,2022-12-28,contact897@store897.com
SELLER-0898,Store Dynaforce 898,US,true,2025-01-23,contact898@store898.com
SELLER-0899,Store Kestrel 899,DE,true,2022-04-19,contact899@store899.com
SELLER-0900,Store Zephyr 900,br,true,2023-07-16,contact900@store900.com
SELLER-0901,Store Orion 901,AR,false,2025-04-19,contact901@store901.com
SELLER-0902,Store Evershine 902,ES,false,2025-08-28,contact902@store902.com
SELLER-0903,Store Brightline 903,GB,true,2025-04-03,contact903@store903.com
SELLER-0904,Store Cobalt 904,MX,true,2022-05-30,contact904@store904.com
SELLER-0905,Store Yarrow 905,IT,true,2024-08-27,contact905@store905.com
SELLER-0906,Store Iberia 906,JP,true,2025-09-25,contact906@store906.com
SELLER-0907,Store Brightline 907,US,true,2025-12-29,contact907@store907.com
SELLER-0908,Store Forge&Co 908,CA,true,2022-03-22,contact908@store908.com
SELLER-0909,Store Xenith 909,DE,true,2022-07-27,contact909@store909.com
SELLER-0910,Store Tide 910,BR,true,2024-07-06,contact910@store910.com
SELLER-0911,Store Dynaforce 911,PT,true,2023-06-01,contact911@store911.com
SELLER-0912,Store Quartz 912,us,true,2024-03-16,contact912@store912.com
SELLER-0913,Store Rivulet 913,CA,false,2026-01-02,contact913@store913.com
SELLER-0914,Store Zephyr 914,FR,true,2022-10-23,contact914@store914.com
SELLER-0915,Store Zephyr 915,MX,false,2025-12-07,contact915@store915.com
SELLER-0916,Store Xenith 916,DE,true,2024-05-08,contact916@store916.com
SELLER-0917,Store Rivulet 917,GB,true,2023-04-29,contact917@store917.com
SELLER-0918,Store Kestrel 918,GB,false,2024-08-04,contact918@store918.com
SELLER-0919,Store Forge&Co 919,US,true,2023-03-02,contact919@store919.com
SELLER-0920,Store Polaris 920,CA,true,2022-07-24,contact920@store920.com
SELLER-0921,Store Solis 921,MX,false,2026-02-19,contact921@store921.com
SELLER-0922,Store Halcyon 922,IT,true,2022-04-06,contact922@store922.com
SELLER-0923,Store Polaris 923,MX,false,2025-05-28,contact923@store923.com
SELLER-0924,Store Umbra 924,BR,false,2025-09-09,contact924@store924.com
SELLER-0925,Store Umbra 925,US,true,2022-11-03,contact925@store925.com
SELLER-0926,Store Zephyr 926,GB,true,2023-04-08,contact926@store926.com
SELLER-0927,Store Brightline 927,BR,true,2022-09-08,contact927@store927.com
SELLER-0928,Store Halcyon 928,br,true,2024-11-24,contact928@store928.com
SELLER-0929,Store Dynaforce 929,US,true,2024-12-22,contact929@store929.com
SELLER-0930,Store Meridian 930,IT,false,2025-07-17,contact930@store930.com
SELLER-0931,Store Halcyon 931,CO,false,2024-08-07,contact931@store931.com
SELLER-0932,Store Tide 932,DE,true,2025-01-20,contact932@store932.com
SELLER-0933,Store Dynaforce 933,CO,true,2023-06-24,contact933@store933.com
SELLER-0934,Store Orion 934,CA,true,2022-01-19,contact934@store934.com
SELLER-0935,Store Orion 935,BR,true,2024-07-17,contact935@store935.com
SELLER-0936,Store Brightline 936,us,true,2023-12-19,contact936@store936.com
SELLER-0937,Store Vela 937,AU,true,2025-04-17,contact937@store937.com
SELLER_0938,Store Evershine 938,CO,true,2022-01-22,contact938@store938.com
SELLER-0939,Store Solis 939,GB,true,2025-01-24,contact939@store939.com
SELLER-0940,Store Brightline 940,US,true,2023-09-22,contact940@store940.com
SELLER-0941,Store Dynaforce 941,PT,true,2023-02-09,contact941@store941.com
SELLER-0942,Store Akari 942,BR,false,2025-08-25,contact942@store942.com
SELLER-0943,Store Westwood 943,CA,true,2023-11-07,contact943@store943.com
SELLER-0944,Store Zephyr 944,DE,true,2022-12-28,contact944@store944.com
SELLER-0945,Store Xenith 945,MX,true,2026-02-03,contact945@store945.com
SELLER-0946,Store Iberia 946,DE,true,2023-12-26,contact946@store946.com
SELLER-0947,Store Polaris 947,IT,true,2023-10-03,contact947@store947.com
SELLER-0948,Store Zephyr 948,AU,false,2026-01-25,contact948@store948.com
SELLER-0949,Store Tide 949,US,true,2022-04-15,contact949@store949.com
SELLER-0950,Store Forge&Co 950,PT,true,2024-01-29,contact950@store950.com
SELLER-0951,Store Brightline 951,AU,true,2025-05-30,contact951@store951.com
SELLER-0952,Store Iberia 952,ES,true,2023-04-18,contact952@store952.com
SELLER-0953,Store Meridian 953,US,true,2023-01-10,contact953@store953.com
SELLER-0954,Store Orion 954,AR,true,2023-06-28,contact954@store954.com
SELLER-0955,Store Rivulet 955,JP,false,2022-01-31,
SELLER-0956,Store Halcyon 956,US,false,2025-07-07,contact956@store956.com
SELLER-0957,Store Luma 957,DE,true,2025-09-17,contact957@store957.com
SELLER-0958,Store Dynaforce 958,BR,false,2025-10-09,contact958@store958.com
SELLER-0959,Store Xenith 959,CL,true,2024-02-20,contact959@store959.com
SELLER-0960,Store Kestrel 960,BR,false,2023-04-30,contact960@store960.com
SELLER_0961,Store Northwind 961,AR,false,2025-11-30,contact961@store961.com
SELLER-0962,Store Cobalt 962,CL,true,2023-07-02,contact962@store962.com
SELLER-0963,Store Luma 963,US,true,2024-05-09,contact963@store963.com
SELLER-0964,Store Iberia 964,MX,false,2025-12-26,contact964@store964.com
SELLER-0965,Store Brightline 965,CA,true,2022-08-02,contact965@store965.com
SELLER-0966,Store Xenith 966,AU,true,2024-01-01,contact966@store966.com
SELLER-0967,Store Forge&Co 967,US,true,2023-07-29,contact967@store967.com
SELLER-0968,Store Dynaforce 968,DE,true,2024-01-27,contact968@store968.com
SELLER-0969,Store Evershine 969,AU,true,2023-03-31,contact969@store969.com
SELLER-0970,Store Vela 970,BR,true,2023-05-06,contact970@store970.com
SELLER-0971,Store Solis 971,US,true,2023-08-25,contact971@store971.com
SELLER-0972,Store Halcyon 972,CA,false,2025-04-27,contact972@store972.com
SELLER-0973,Store Umbra 973,GB,true,2023-10-24,contact973@store973.com
SELLER-0974,Store Cobalt 974,US,true,2023-11-21,contact974@store974.com
SELLER-0975,Store Akari 975,US,true,2023-11-15,contact975@store975.com
SELLER-0976,Store Xenith 976,US,true,2022-12-30,contact976@store976.com
SELLER-0977,Store Brightline 977,CO,true,2024-09-25,contact977@store977.com
SELLER-0978,Store Evershine 978,PT,true,2025-02-03,contact978@store978.com
SELLER-0979,Store Glide 979,JP,true,2023-08-12,contact979@store979.com
SELLER-0980,Store Dynaforce 980,MX,true,2024-10-02,contact980@store980.com
SELLER-0981,Store Polaris 981,US,true,2023-11-27,contact981@store981.com
SELLER-0982,Store Junon 982,FR,true,2023-10-08,contact982@store982.com
SELLER-0983,Store Tide 983,DE,true,2023-04-23,contact983@store983.com
SELLER-0984,Store Westwood 984,IT,true,2024-11-28,contact984@store984.com
SELLER-0985,Store Akari 985,AU,true,2024-04-09,contact985@store985.com
SELLER-0986,Store Forge&Co 986,BR,true,2023-07-11,contact986@store986.com
SELLER-0987,Store Junon 987,AU,false,2022-08-21,contact987@store987.com
SELLER-0988,Store Junon 988,MX,true,2022-06-19,contact988@store988.com
SELLER-0989,Store Northwind 989,DE,true,2022-02-09,contact989@store989.com
SELLER-0990,Store Meridian 990,IT,true,2025-11-10,contact990@store990.com
SELLER-0991,Store Akari 991,JP,true,2025-10-25,contact991@store991.com
SELLER-0992,Store Northwind 992,CA,true,2024-08-28,contact992@store992.com
SELLER-0993,Store Junon 993,AR,true,2022-05-22,contact993@store993.com
SELLER-0994,Store Iberia 994,MX,false,2022-08-06,contact994@store994.com
SELLER-0995,Store Forge&Co 995,BR,true,2025-04-04,contact995@store995.com
SELLER-0996,Store Luma 996,US,true,2022-05-20,contact996@store996.com
SELLER-0997,Store Dynaforce 997,mx,true,2023-02-20,contact997@store997.com
SELLER-0998,Store Xenith 998,ES,false,2025-12-22,contact998@store998.com
SELLER-0999,Store Umbra 999,FR,true,2023-04-30,contact999@store999.com
SELLER-1000,Store Glide 1000,IT,true,2025-07-28,contact1000@store1000.com
