feedback_id,customer_id,type,channel,sentiment,message,created_at,nps_score,resolved
FB-00001,CUST-0055,praise,nps,positive,Suporte muito rápido,2023-11-17,,False
FB-00002,CUST-0157,bug,suporte,negative,Integração com API retorna timeout,2024-02-07,,True
FB-00003,CUST-0074,praise,formulario,positive,Plataforma excelente!,2024-10-31,,False
FB-00004,CUST_0178,complaint,nps,negative,Tempo de resposta do suporte muito alto,2024-01-10,,False
FB-00005,CUST-0178,bug,nps,negative,Integração com API retorna timeout,2024-05-31,,True
FB-00006,CUST-0126,feature_request,suporte,neutral,Gostaríamos de exportar em PDF,2023-12-14,,False
FB-00007,CUST_0126,praise,email,positive,Melhorou muito nos últimos meses,2023-02-16,,
FB-00008,CUST-0126,support,suporte,neutral,Como faço para adicionar usuários?,2023-05-24,,
FB-00009,CUST-0052,praise,nps,positive,Suporte muito rápido,2024-06-03,,True
FB-00010,CUST-0052,feature_request,plataforma,neutral,Seria ótimo ter alertas por email,2024-11-20,,
FB-00011,CUST-0032,praise,nps,positive,Plataforma excelente!,2024-11-02,,
FB-00012,CUST-0035,praise,suporte,positive,Plataforma excelente!,2024-09-26,,
FB-00013,CUST-0019,bug,suporte,negative,Erro 500 ao acessar dashboard,2023-11-18,,
FB-00014,CUST-0116,support,nps,neutral,Como faço para adicionar usuários?,2023-03-05,,False
FB-00015,CUST-0116,praise,nps,positive,Suporte muito rápido,2023-11-18,,
FB-00016,CUST-0116,complaint,nps,negative,Interface confusa,2024-11-28,3,False
FB-00017,CUST-0045,feature_request,email,neutral,Falta integração com Slack,2023-11-01,,
FB-00018,CUST-0183,complaint,nps,negative,Interface confusa,2023-10-08,,False
FB-00019,CUST-0183,complaint,formulario,negative,Interface confusa,2023-05-30,,
FB-00020,CUST-0183,feature_request,plataforma,neutral,Seria ótimo ter alertas por email,2024-05-05,,True
FB-00021,CUST-0114,complaint,nps,negative,Tempo de resposta do suporte muito alto,2023-09-03,,True
FB-00022,CUST-0023,feature_request,formulario,neutral,Seria ótimo ter alertas por email,2024-04-28,,True
FB-00023,CUST-0175,support,plataforma,neutral,Como faço para adicionar usuários?,2024-05-02,0,True
FB-00024,CUST-0082,feature_request,suporte,neutral,Gostaríamos de exportar em PDF,2023-02-08,,False
FB-00025,,bug,nps,negative,Integração com API retorna timeout,2023-10-24,5,False
FB-00026,CUST-0171,praise,suporte,positive,Melhorou muito nos últimos meses,2024-10-18,,True
FB-00027,CUST-0089,feature_request,formulario,neutral,Seria ótimo ter alertas por email,2024-04-14,,False
FB-00028,CUST-0089,praise,email,positive,Suporte muito rápido,2023-07-17,,True
FB-00029,CUST-0182,bug,formulario,negative,Erro 500 ao acessar dashboard,2023-05-24,,False
FB-00030,CUST-0017,support,plataforma,neutral,Preciso de nota fiscal,2023-11-06,,True
FB-00031,CUST-0017,bug,nps,negative,Integração com API retorna timeout,2023-05-02,,
FB-00032,CUST-0141,support,suporte,neutral,Como faço para adicionar usuários?,2023-10-30,9,False
FB-00033,CUST-0139,praise,suporte,positive,Plataforma excelente!,2024-04-27,,
FB-00034,CUST-0075,bug,nps,negative,Sistema travando ao exportar relatórios,2024-04-02,8,
FB-00035,CUST-0075,feature_request,nps,neutral,Falta integração com Slack,2024-07-03,3,
FB-00036,CUST-0077,bug,suporte,negative,Integração com API retorna timeout,2024-06-06,,
FB-00037,CUST-0041,praise,formulario,positive,Melhorou muito nos últimos meses,2023-11-12,1,True
FB-00038,CUST-0164,complaint,formulario,negative,Interface confusa,2024-07-08,6,True
FB-00039,CUST-0190,complaint,email,negative,Interface confusa,2024-10-23,,False
FB-00040,CUST-0190,feature_request,suporte,neutral,Seria ótimo ter alertas por email,2024-11-30,,True
FB-00041,CUST-0093,praise,formulario,positive,Plataforma excelente!,2024-06-25,,False
FB-00042,CUST-0131,praise,email,positive,Suporte muito rápido,2024-06-28,3,
FB-00043,CUST-0058,bug,formulario,negative,Sistema travando ao exportar relatórios,2024-11-07,1,
FB-00044,CUST-0058,bug,suporte,negative,Integração com API retorna timeout,2024-09-04,7,True
FB-00045,CUST-0194,complaint,suporte,negative,Preço alto para o que entrega,2023-02-27,,
FB-00046,CUST-0195,complaint,nps,negative,Tempo de resposta do suporte muito alto,2023-11-25,,False
FB-00047,CUST-0036,support,email,neutral,Não consigo resetar minha senha,2023-06-29,,
FB-00048,CUST-0061,complaint,plataforma,negative,Interface confusa,2023-11-23,8,False
FB-00049,CUST-0127,feature_request,formulario,neutral,Seria ótimo ter alertas por email,2024-12-25,,False
FB-00050,CUST-0007,bug,formulario,negative,Erro 500 ao acessar dashboard,2023-09-06,,True
FB-00051,CUST-0173,complaint,nps,negative,Tempo de resposta do suporte muito alto,2023-02-22,,True
FB-00052,CUST-0142,praise,plataforma,positive,Suporte muito rápido,2024-11-18,,True
FB-00053,CUST-0142,feature_request,email,neutral,Gostaríamos de exportar em PDF,2023-07-14,,
FB-00054,CUST-0147,support,email,neutral,Preciso de nota fiscal,2024-07-19,,False
FB-00055,CUST-0095,praise,email,positive,Suporte muito rápido,2024-05-24,,False
FB-00056,,bug,nps,negative,Integração com API retorna timeout,2023-08-15,,False
FB-00057,CUST-0163,bug,email,negative,Integração com API retorna timeout,2023-08-24,,
FB-00058,CUST-0034,complaint,email,negative,Interface confusa,2024-05-15,5,True
FB-00059,CUST-0199,praise,formulario,positive,Melhorou muito nos últimos meses,2023-07-08,1,
FB-00060,CUST-0187,bug,suporte,negative,Sistema travando ao exportar relatórios,2023-05-21,7,False
FB-00061,CUST-0181,complaint,formulario,negative,Tempo de resposta do suporte muito alto,2024-09-23,,False
FB-00062,CUST-0080,praise,nps,positive,Melhorou muito nos últimos meses,2023-10-09,,True
FB-00063,CUST-0102,bug,plataforma,negative,Erro 500 ao acessar dashboard,2023-06-02,6,True
FB-00064,CUST-0123,feature_request,plataforma,neutral,Seria ótimo ter alertas por email,2024-08-01,,True
FB-00065,CUST-0135,support,nps,neutral,Como faço para adicionar usuários?,2023-02-02,0,
FB-00066,CUST-0106,praise,formulario,positive,Melhorou muito nos últimos meses,2024-03-20,,True
FB-00067,CUST-0105,support,formulario,neutral,Preciso de nota fiscal,2024-08-03,,
FB-00068,CUST_0148,bug,suporte,negative,Integração com API retorna timeout,2023-11-19,,True
FB-00069,CUST-0192,praise,nps,positive,Suporte muito rápido,2024-08-03,,
FB-00070,CUST-0033,support,formulario,neutral,Não consigo resetar minha senha,2023-03-22,,True
FB-00071,CUST-0185,complaint,formulario,negative,Preço alto para o que entrega,2024-09-01,7,False
FB-00072,CUST-0162,praise,email,positive,Plataforma excelente!,2024-01-20,,False
FB-00073,CUST-0191,complaint,suporte,negative,Preço alto para o que entrega,2023-03-26,,False
FB-00074,CUST-0191,bug,plataforma,negative,Sistema travando ao exportar relatórios,2023-01-06,2,False
FB-00075,CUST-0160,praise,nps,positive,Plataforma excelente!,2024-02-22,,False
FB-00076,CUST-0133,bug,nps,negative,Sistema travando ao exportar relatórios,2024-02-28,,True
FB-00077,CUST-0133,complaint,email,negative,Tempo de resposta do suporte muito alto,2023-06-23,6,False
FB-00078,CUST-0189,praise,email,positive,Melhorou muito nos últimos meses,2023-03-20,,False
FB-00079,CUST-0146,feature_request,plataforma,neutral,Falta integração com Slack,2024-02-10,,
FB-00080,CUST-0047,bug,email,negative,Erro 500 ao acessar dashboard,2023-11-25,6,False
FB-00081,CUST-0047,feature_request,suporte,neutral,Falta integração com Slack,2024-12-12,,False
FB-00082,CUST-0047,feature_request,suporte,neutral,Seria ótimo ter alertas por email,2024-07-31,,True
FB-00083,CUST-0158,praise,formulario,positive,Suporte muito rápido,2024-12-26,,True
FB-00084,CUST-0158,complaint,email,negative,Interface confusa,2023-09-05,9,False
FB-00085,CUST-0158,praise,email,positive,Melhorou muito nos últimos meses,2024-07-01,5,
FB-00086,CUST-0111,praise,suporte,positive,Melhorou muito nos últimos meses,2024-10-15,,True
FB-00087,CUST-0111,complaint,email,negative,Interface confusa,2023-02-15,,False
FB-00088,CUST-0129,bug,nps,negative,Integração com API retorna timeout,2023-08-16,,False
FB-00089,CUST-0015,praise,plataforma,positive,Plataforma excelente!,2024-11-26,,False
FB-00090,CUST-0170,support,plataforma,neutral,Como faço para adicionar usuários?,2023-04-29,,True
FB-00091,CUST-0040,feature_request,plataforma,neutral,Gostaríamos de exportar em PDF,2023-04-10,,
FB-00092,CUST-0078,complaint,suporte,negative,Preço alto para o que entrega,2024-10-25,2,False
FB-00093,CUST-0043,support,suporte,neutral,Preciso de nota fiscal,2023-08-26,,False
FB-00094,CUST-0042,complaint,formulario,negative,Preço alto para o que entrega,2023-07-22,4,
FB-00095,CUST-0083,bug,plataforma,negative,Erro 500 ao acessar dashboard,2023-04-15,1,False
FB-00096,CUST-0083,complaint,nps,negative,Interface confusa,2024-05-16,,
FB-00097,CUST-0159,feature_request,plataforma,neutral,Seria ótimo ter alertas por email,2024-04-13,,
FB-00098,CUST-0091,bug,suporte,negative,Integração com API retorna timeout,2023-11-09,,
FB-00099,CUST-0029,feature_request,suporte,neutral,Seria ótimo ter alertas por email,2023-07-10,4,True
FB-00100,CUST-0174,complaint,formulario,negative,Interface confusa,2024-09-26,6,
FB-00101,CUST-0122,praise,email,positive,Suporte muito rápido,2024-12-02,9,True
FB-00102,CUST-0121,feature_request,suporte,neutral,Falta integração com Slack,2023-02-03,,False
FB-00103,CUST-0121,praise,nps,positive,Suporte muito rápido,2023-04-26,,True
FB-00104,CUST-0067,feature_request,suporte,neutral,Falta integração com Slack,2023-08-12,,True
FB-00105,CUST-0067,feature_request,formulario,neutral,Gostaríamos de exportar em PDF,2023-12-23,9,
FB-00106,CUST-0115,complaint,suporte,negative,Tempo de resposta do suporte muito alto,2024-10-09,,
FB-00107,CUST-0037,feature_request,plataforma,neutral,Falta integração com Slack,2024-07-05,,
FB-00108,CUST-0109,complaint,email,negative,Tempo de resposta do suporte muito alto,2023-04-08,,
FB-00109,CUST-0109,bug,suporte,negative,Integração com API retorna timeout,2023-05-16,,True
FB-00110,CUST-0109,praise,formulario,positive,Melhorou muito nos últimos meses,2023-10-03,,True
FB-00111,CUST-0011,complaint,email,negative,Interface confusa,2024-12-12,,
FB-00112,CUST-0179,support,formulario,neutral,Preciso de nota fiscal,2024-10-12,,False
FB-00113,CUST-0026,praise,nps,positive,Plataforma excelente!,2023-11-27,,False
FB-00114,CUST-0026,complaint,email,negative,Tempo de resposta do suporte muito alto,2024-11-29,2,False
FB-00115,CUST-0145,support,suporte,neutral,Preciso de nota fiscal,2024-03-14,,False
FB-00116,CUST-0071,feature_request,suporte,neutral,Gostaríamos de exportar em PDF,2023-03-26,,False
FB-00117,CUST-0168,complaint,formulario,negative,Tempo de resposta do suporte muito alto,2024-03-15,,True
FB-00118,,praise,plataforma,positive,Plataforma excelente!,2024-06-15,,False
FB-00119,CUST-0155,praise,formulario,positive,Plataforma excelente!,2023-08-23,,False
FB-00120,CUST-0081,complaint,formulario,negative,Preço alto para o que entrega,2023-05-17,,
FB-00121,CUST-0039,feature_request,email,neutral,Seria ótimo ter alertas por email,2023-08-07,,True
FB-00122,CUST-0079,bug,email,negative,Erro 500 ao acessar dashboard,2023-05-07,,True
FB-00123,CUST-0069,bug,plataforma,negative,Integração com API retorna timeout,2024-07-20,10,False
FB-00124,CUST-0012,complaint,formulario,negative,Tempo de resposta do suporte muito alto,2023-07-13,,True
FB-00125,CUST-0065,complaint,plataforma,negative,Interface confusa,2023-03-14,9,False
FB-00126,CUST-0128,complaint,formulario,negative,Preço alto para o que entrega,2024-04-27,4,True
FB-00127,CUST-0022,bug,nps,negative,Erro 500 ao acessar dashboard,2024-02-12,,False
FB-00128,CUST-0076,praise,formulario,positive,Melhorou muito nos últimos meses,2024-09-22,,True
FB-00129,CUST-0197,feature_request,formulario,neutral,Falta integração com Slack,2024-10-11,,
FB-00130,CUST-0020,feature_request,email,neutral,Seria ótimo ter alertas por email,2023-09-08,,False
FB-00131,CUST-0020,complaint,suporte,negative,Preço alto para o que entrega,2024-11-04,7,False
FB-00132,CUST-0020,praise,plataforma,positive,Melhorou muito nos últimos meses,2023-09-23,,True
FB-00133,CUST-0103,feature_request,nps,neutral,Seria ótimo ter alertas por email,2024-06-20,7,
FB-00134,CUST-0085,praise,formulario,positive,Melhorou muito nos últimos meses,2024-08-03,,True
FB-00135,,praise,formulario,positive,Suporte muito rápido,2023-02-15,,True
FB-00136,CUST-0186,support,email,neutral,Não consigo resetar minha senha,2023-02-06,,False
FB-00137,CUST-0172,feature_request,formulario,neutral,Gostaríamos de exportar em PDF,2023-03-21,8,True
FB-00138,CUST-0172,support,plataforma,neutral,Como faço para adicionar usuários?,2023-03-12,7,True
FB-00139,CUST-0172,feature_request,nps,neutral,Gostaríamos de exportar em PDF,2023-10-26,,
FB-00140,CUST-0044,support,suporte,neutral,Não consigo resetar minha senha,2023-07-20,6,True
FB-00141,CUST-0044,feature_request,formulario,neutral,Falta integração com Slack,2023-12-21,10,False
FB-00142,CUST-0044,complaint,suporte,negative,Interface confusa,2023-11-11,,True
FB-00143,CUST-0073,bug,nps,negative,Erro 500 ao acessar dashboard,2023-10-14,,False
FB-00144,CUST-0073,praise,email,positive,Plataforma excelente!,2023-03-28,,True
FB-00145,CUST-0073,feature_request,plataforma,neutral,Falta integração com Slack,2023-05-14,,
FB-00146,CUST-0006,praise,nps,positive,Plataforma excelente!,2023-08-28,2,False
FB-00147,CUST-0004,feature_request,email,neutral,Falta integração com Slack,2024-07-02,,True
FB-00148,CUST-0117,complaint,formulario,negative,Tempo de resposta do suporte muito alto,2023-11-08,,False
FB-00149,CUST-0092,complaint,plataforma,negative,Interface confusa,2023-12-31,,True
FB-00150,CUST-0104,feature_request,formulario,neutral,Falta integração com Slack,2024-04-08,2,True
FB-00151,CUST-0198,complaint,plataforma,negative,Preço alto para o que entrega,2023-08-16,,
FB-00152,CUST_0137,praise,email,positive,Plataforma excelente!,2023-03-18,5,True
FB-00153,CUST-0084,praise,email,positive,Suporte muito rápido,2023-06-22,10,False
FB-00154,CUST-0027,feature_request,suporte,neutral,Gostaríamos de exportar em PDF,2023-07-11,,
FB-00155,CUST-0087,feature_request,formulario,neutral,Falta integração com Slack,2024-02-26,,False
FB-00156,CUST-0054,support,nps,neutral,Não consigo resetar minha senha,2024-06-22,,
FB-00157,CUST-0097,praise,plataforma,positive,Suporte muito rápido,2024-05-11,0,False
FB-00158,CUST-0196,bug,nps,negative,Erro 500 ao acessar dashboard,2023-10-15,,True
FB-00159,CUST-0064,bug,formulario,negative,Sistema travando ao exportar relatórios,2024-11-03,,False
FB-00160,CUST-0064,feature_request,plataforma,neutral,Seria ótimo ter alertas por email,2023-06-27,5,
FB-00161,CUST-0064,praise,email,positive,Melhorou muito nos últimos meses,2024-07-30,,False
FB-00162,CUST-0070,bug,formulario,negative,Erro 500 ao acessar dashboard,2024-09-08,,True
FB-00163,CUST-0038,feature_request,plataforma,neutral,Gostaríamos de exportar em PDF,2023-07-01,9,
FB-00164,CUST-0038,support,formulario,neutral,Como faço para adicionar usuários?,2023-04-24,,
FB-00165,CUST-0118,bug,email,negative,Integração com API retorna timeout,2023-11-06,,
FB-00166,CUST-0062,complaint,plataforma,negative,Tempo de resposta do suporte muito alto,2024-07-29,,True
FB-00167,CUST-0180,complaint,nps,negative,Interface confusa,2023-10-29,,
FB-00168,CUST-0169,complaint,email,negative,Tempo de resposta do suporte muito alto,2024-09-18,,True
FB-00169,CUST-0153,support,plataforma,neutral,Como faço para adicionar usuários?,2023-06-21,3,True
FB-00170,CUST-0059,feature_request,email,neutral,Seria ótimo ter alertas por email,2023-04-21,,True
FB-00171,CUST-0010,praise,email,positive,Melhorou muito nos últimos meses,2024-01-23,,
FB-00172,CUST-0010,feature_request,plataforma,neutral,Gostaríamos de exportar em PDF,2024-04-07,,True
FB-00173,CUST-0008,bug,formulario,negative,Erro 500 ao acessar dashboard,2024-01-20,,
FB-00174,CUST-0021,complaint,email,negative,Tempo de resposta do suporte muito alto,2024-03-17,5,True
FB-00175,CUST-0021,support,nps,neutral,Como faço para adicionar usuários?,2024-02-24,,False
FB-00176,CUST-0057,bug,formulario,negative,Erro 500 ao acessar dashboard,2024-08-08,1,False
FB-00177,,complaint,suporte,negative,Preço alto para o que entrega,2024-05-06,1,False
FB-00178,CUST-0188,complaint,plataforma,negative,Tempo de resposta do suporte muito alto,2023-11-12,,False
FB-00179,CUST-0101,support,email,neutral,Como faço para adicionar usuários?,2024-01-14,4,
FB-00180,CUST-0060,complaint,nps,negative,Interface confusa,2024-11-14,,
FB-00181,CUST-0014,bug,nps,negative,Integração com API retorna timeout,2024-02-01,,False
FB-00182,CUST-0099,feature_request,formulario,neutral,Seria ótimo ter alertas por email,2023-11-03,,
FB-00183,CUST-0072,complaint,email,negative,Tempo de resposta do suporte muito alto,2024-09-27,,True
FB-00184,CUST-0072,support,email,neutral,Não consigo resetar minha senha,2023-07-17,,
FB-00185,CUST-0161,praise,formulario,positive,Plataforma excelente!,2023-11-24,,False
FB-00186,CUST-0068,support,nps,neutral,Preciso de nota fiscal,2024-06-16,,False
FB-00187,CUST-0056,bug,formulario,negative,Sistema travando ao exportar relatórios,2024-08-03,,True
FB-00188,CUST-0046,support,email,neutral,Preciso de nota fiscal,2023-12-19,,True
FB-00189,CUST-0046,bug,email,negative,Sistema travando ao exportar relatórios,2024-02-17,,False
FB-00190,CUST-0113,bug,formulario,negative,Erro 500 ao acessar dashboard,2024-05-01,,False
FB-00191,CUST-0138,complaint,suporte,negative,Tempo de resposta do suporte muito alto,2024-12-13,,
FB-00192,CUST-0156,complaint,formulario,negative,Tempo de resposta do suporte muito alto,2023-10-03,,False
FB-00193,CUST-0166,complaint,suporte,negative,Tempo de resposta do suporte muito alto,2024-01-18,,
FB-00194,,feature_request,suporte,neutral,Gostaríamos de exportar em PDF,2024-06-20,,True
FB-00195,CUST-0009,bug,email,negative,Integração com API retorna timeout,2024-01-05,,True
FB-00196,CUST-0049,feature_request,email,neutral,Seria ótimo ter alertas por email,2024-05-15,,False
FB-00197,,support,formulario,neutral,Não consigo resetar minha senha,2024-12-06,,True
FB-00198,CUST-0143,complaint,nps,negative,Tempo de resposta do suporte muito alto,2024-11-24,,
FB-00199,CUST-0143,bug,formulario,negative,Sistema travando ao exportar relatórios,2023-05-16,4,
FB-00200,CUST-0112,complaint,email,negative,Interface confusa,2024-03-09,4,
FB-00201,CUST-0112,praise,nps,positive,Melhorou muito nos últimos meses,2024-09-30,,False
FB-00202,CUST-0112,praise,formulario,positive,Suporte muito rápido,2024-08-31,4,
FB-00203,CUST-0165,feature_request,plataforma,neutral,Gostaríamos de exportar em PDF,2024-11-02,3,True
FB-00204,CUST-0184,complaint,suporte,negative,Preço alto para o que entrega,2024-09-06,7,False
FB-00205,CUST-0184,feature_request,nps,neutral,Seria ótimo ter alertas por email,2024-03-04,,True
FB-00206,CUST-0016,complaint,plataforma,negative,Preço alto para o que entrega,2024-12-03,,True
FB-00207,CUST-0030,support,plataforma,neutral,Preciso de nota fiscal,2023-07-05,,True
FB-00208,CUST-0030,support,suporte,neutral,Preciso de nota fiscal,2023-12-10,,False
FB-00209,CUST-0107,feature_request,formulario,neutral,Falta integração com Slack,2023-09-24,10,
FB-00210,CUST-0107,praise,nps,positive,Plataforma excelente!,2024-09-27,,False
FB-00211,CUST-0018,feature_request,email,neutral,Seria ótimo ter alertas por email,2023-06-04,,False
FB-00212,CUST-0125,support,suporte,neutral,Como faço para adicionar usuários?,2023-07-04,,True
FB-00213,CUST-0124,feature_request,formulario,neutral,Gostaríamos de exportar em PDF,2023-06-22,,
FB-00214,,feature_request,suporte,neutral,Seria ótimo ter alertas por email,2024-05-03,,True
FB-00215,CUST-0200,complaint,suporte,negative,Tempo de resposta do suporte muito alto,2024-06-27,,False
FB-00216,CUST-0200,feature_request,suporte,neutral,Gostaríamos de exportar em PDF,2023-04-16,,False
FB-00217,CUST-0110,praise,suporte,positive,Suporte muito rápido,2024-06-16,,False
FB-00218,CUST-0110,feature_request,email,neutral,Gostaríamos de exportar em PDF,2023-07-12,2,True
FB-00219,CUST-0110,complaint,formulario,negative,Interface confusa,2024-08-26,,False
FB-00220,CUST-0144,complaint,formulario,negative,Tempo de resposta do suporte muito alto,2024-08-31,,False
FB-00221,CUST-0144,feature_request,suporte,neutral,Gostaríamos de exportar em PDF,2023-05-07,,
FB-00222,CUST-0025,feature_request,nps,neutral,Seria ótimo ter alertas por email,2023-04-14,1,
FB-00223,CUST-0098,bug,nps,negative,Sistema travando ao exportar relatórios,2023-04-27,,
FB-00224,CUST-0098,support,formulario,neutral,Preciso de nota fiscal,2024-01-02,,True
FB-00225,CUST_0132,praise,formulario,positive,Melhorou muito nos últimos meses,2023-08-29,,True
FB-00226,CUST-0090,complaint,plataforma,negative,Preço alto para o que entrega,2023-03-18,4,False
FB-00227,CUST-0090,praise,plataforma,positive,Suporte muito rápido,2023-04-13,,False
FB-00228,CUST-0090,feature_request,formulario,neutral,Gostaríamos de exportar em PDF,2023-04-29,,
FB-00229,CUST-0086,feature_request,formulario,neutral,Falta integração com Slack,2024-03-24,,True
FB-00230,CUST-0201,praise,suporte,positive,Melhorou muito nos últimos meses,2023-05-13,,True
FB-00231,CUST-0201,praise,plataforma,positive,Melhorou muito nos últimos meses,2023-08-06,,True
FB-00232,CUST-0201,feature_request,formulario,neutral,Gostaríamos de exportar em PDF,2024-07-17,,True
FB-00233,CUST-0202,complaint,nps,negative,Tempo de resposta do suporte muito alto,2022-04-19,5,False
FB-00234,CUST-0202,feature_request,suporte,neutral,Falta integração com HubSpot,2022-08-08,,True
FB-00235,CUST_0202,praise,formulario,positive,Equipe atenciosa,2024-03-12,,True
FB-00236,CUST-0203,praise,plataforma,positive,Suporte muito rápido,2024-04-10,,True
FB-00237,CUST-0203,praise,plataforma,positive,Suporte muito rápido,2024-04-10,,True
FB-00238,CUST_0203,support,plataforma,neutral,Como recupero a fatura?,2024-09-12,,False
FB-00239,CUST-0205,complaint,formulario,negative,Sem retorno do CSM,2024-11-11,,False
FB-00240,CUST-0206,praise,formulario,positive,Suporte muito rápido,2025-05-28,,True
FB-00241,CUST-0207,praise,suporte,positive,Suporte muito rápido,2024-08-19,,True
FB-00242,CUST-0207,feature_request,nps,neutral,SSO via Okta,2024-10-04,6,False
FB-00243,CUST-0207,praise,formulario,positive,Plataforma excelente!,2025-04-26,,True
FB-00244,CUST-0208,complaint,formulario,negative,Faturamento incorreto,2025-01-18,,
FB-00245,CUST-0208,praise,suporte,positive,Melhorou muito nos últimos meses,2025-04-03,,
FB-00246,CUST-0208,praise,suporte,positive,Melhorou muito nos últimos meses,2025-05-02,,True
FB-00247,CUST-0209,support,plataforma,neutral,Como recupero a fatura?,2025-02-13,,
FB-00248,CUST-0209,praise,email,positive,Melhorou muito nos últimos meses,2024-08-17,,True
FB-00249,CUST-0209,bug,email,negative,Integração com API retorna timeout,2024-02-24,,False
FB-00250,CUST-0210,complaint,formulario,negative,Sem retorno do CSM,2024-04-27,,
FB-00251,CUST-0210,praise,nps,positive,Funcionalidade impecável,2024-02-05,9,True
FB-00252,CUST-0211,bug,email,negative,Login intermitente,2023-09-15,,
FB-00253,CUST-0211,bug,email,negative,Login intermitente,2023-09-15,,
FB-00254,CUST-0212,bug,suporte,negative,Relatório gerado em branco,2022-06-18,,True
FB-00255,CUST-0212,support,suporte,neutral,Como faço para adicionar usuários?,2024-01-14,,True
FB-00256,CUST-0212,bug,nps,negative,Login intermitente,2022-09-22,4,True
FB-00257,CUST-0213,complaint,email,negative,Sem retorno do CSM,2024-12-20,,True
FB-00258,CUST-0213,feature_request,email,neutral,Seria ótimo ter alertas por email,2024-10-23,,False
FB-00259,CUST-0213,bug,plataforma,negative,Integração com API retorna timeout,2024-07-20,,True
FB-00260,CUST-0215,support,formulario,neutral,Como faço para adicionar usuários?,2024-11-25,,True
FB-00261,CUST-0215,support,formulario,neutral,Como faço para adicionar usuários?,2025-01-27,,True
FB-00262,CUST-0215,praise,email,positive,Suporte muito rápido,2024-12-30,,
FB-00263,CUST-0216,feature_request,formulario,neutral,Falta integração com HubSpot,2025-02-12,,False
FB-00264,CUST-0216,complaint,plataforma,negative,Sem retorno do CSM,2024-12-12,,
FB-00265,CUST-0217,support,nps,neutral,Como faço para adicionar usuários?,2025-05-01,7,False
FB-00266,CUST-0217,praise,plataforma,positive,Plataforma excelente!,2025-05-06,,True
FB-00267,CUST-0218,complaint,plataforma,negative,Difícil de configurar,2024-02-12,,
FB-00268,CUST-0218,complaint,plataforma,negative,Sem retorno do CSM,2025-03-15,,
FB-00269,CUST-0219,support,nps,neutral,Como recupero a fatura?,2025-02-28,7,False
FB-00270,CUST-0220,praise,email,positive,Equipe atenciosa,2023-06-30,,False
FB-00271,CUST-0220,praise,suporte,positive,Melhorou muito nos últimos meses,2024-02-02,,True
FB-00272,CUST-0220,complaint,email,negative,Difícil de configurar,2023-11-12,,
FB-00273,CUST-0221,complaint,plataforma,negative,Tempo de resposta do suporte muito alto,2024-05-22,,True
FB-00274,CUST_0221,praise,email,positive,Plataforma excelente!,2023-02-16,,False
FB-00275,CUST_0222,praise,nps,positive,Melhorou muito nos últimos meses,2024-07-07,10,
FB-00276,CUST-0222,support,plataforma,neutral,Como faço para adicionar usuários?,2023-01-07,,
FB-00277,CUST-0222,praise,nps,positive,Suporte muito rápido,2023-05-11,8,False
FB-00278,CUST-0222,praise,formulario,positive,Equipe atenciosa,2025-02-05,,False
FB-00279,CUST_0223,praise,email,positive,Melhorou muito nos últimos meses,2025-01-25,,True
FB-00280,CUST-0223,support,email,neutral,Como faço para adicionar usuários?,2025-05-03,,
FB-00281,CUST-0223,praise,formulario,positive,Equipe atenciosa,2025-03-14,,True
FB-00282,CUST-0223,complaint,suporte,negative,Faturamento incorreto,2025-02-22,,True
FB-00283,CUST-0226,praise,plataforma,positive,Melhorou muito nos últimos meses,2023-09-29,,False
FB-00284,CUST-0226,praise,email,positive,Funcionalidade impecável,2023-09-04,,True
FB-00285,CUST-0226,feature_request,email,neutral,Gostaríamos de exportar em PDF,2024-05-21,,
FB-00286,CUST-0226,praise,nps,positive,Equipe atenciosa,2024-06-10,9,
FB-00287,CUST-0227,bug,nps,negative,Erro 500 ao acessar dashboard,2024-02-22,0,
FB-00288,CUST-0228,support,plataforma,neutral,Posso mudar de plano?,2024-03-01,,False
FB-00289,CUST-0228,bug,formulario,negative,Integração com API retorna timeout,2025-01-08,,True
FB-00290,CUST-0228,bug,nps,negative,Relatório gerado em branco,2025-01-24,5,
FB-00291,CUST-0229,bug,plataforma,negative,Erro 500 ao acessar dashboard,2023-08-06,,True
FB-00292,CUST-0229,support,formulario,neutral,Como faço para adicionar usuários?,2022-09-04,,False
FB-00293,CUST-0230,praise,email,positive,Plataforma excelente!,2025-01-28,,False
FB-00294,CUST-0231,feature_request,suporte,neutral,SSO via Okta,2024-05-19,,False
FB-00295,CUST-0231,praise,plataforma,positive,Suporte muito rápido,2024-06-10,,
FB-00296,CUST-0231,feature_request,formulario,neutral,SSO via Okta,2024-07-20,,True
FB-00297,CUST-0232,praise,plataforma,positive,Plataforma excelente!,2023-05-16,,True
FB-00298,CUST-0233,complaint,nps,negative,Difícil de configurar,2023-01-17,0,False
FB-00299,CUST-0234,support,nps,neutral,Como recupero a fatura?,2024-05-25,7,True
FB-00300,CUST-0234,praise,plataforma,positive,Suporte muito rápido,2025-01-19,,False
FB-00301,CUST-0234,praise,email,positive,Funcionalidade impecável,2024-02-04,,False
FB-00302,CUST-0235,support,formulario,neutral,Como faço para adicionar usuários?,2024-01-23,,False
FB-00303,CUST-0235,support,formulario,neutral,Como faço para adicionar usuários?,2024-01-23,,False
FB-00304,CUST-0235,complaint,formulario,negative,Tempo de resposta do suporte muito alto,2023-10-29,,False
FB-00305,CUST-0235,complaint,suporte,negative,Tempo de resposta do suporte muito alto,2023-12-19,,
FB-00306,CUST-0235,feature_request,suporte,neutral,Gostaríamos de exportar em PDF,2024-02-06,,False
FB-00307,CUST-0237,support,formulario,neutral,Como faço para adicionar usuários?,2024-12-28,,True
FB-00308,CUST-0237,complaint,formulario,negative,Faturamento incorreto,2025-02-04,,True
FB-00309,CUST-0238,support,email,neutral,Posso mudar de plano?,2025-01-22,,True
FB-00310,CUST-0238,support,email,neutral,Posso mudar de plano?,2025-01-22,,True
FB-00311,CUST-0238,complaint,nps,negative,Tempo de resposta do suporte muito alto,2025-05-04,5,
FB-00312,CUST-0238,complaint,nps,negative,Tempo de resposta do suporte muito alto,2025-05-04,5,
FB-00313,CUST-0238,praise,plataforma,positive,Equipe atenciosa,2024-07-21,,False
FB-00314,CUST-0239,support,suporte,neutral,Como recupero a fatura?,2024-05-29,,True
FB-00315,CUST-0239,praise,suporte,positive,Suporte muito rápido,2024-04-12,,False
FB-00316,CUST-0240,bug,formulario,negative,Erro 500 ao acessar dashboard,2023-10-26,,
FB-00317,CUST-0240,bug,plataforma,negative,Login intermitente,2023-03-11,,True
FB-00318,CUST-0240,feature_request,nps,neutral,SSO via Okta,2024-09-09,6,False
FB-00319,CUST-0241,feature_request,suporte,neutral,Seria ótimo ter alertas por email,2025-01-08,,False
FB-00320,CUST-0242,bug,formulario,negative,Erro 500 ao acessar dashboard,2024-04-06,,
FB-00321,CUST-0243,support,email,neutral,Como recupero a fatura?,2024-07-09,,True
FB-00322,CUST-0244,feature_request,formulario,neutral,Falta integração com HubSpot,2025-03-08,,True
FB-00323,CUST-0244,bug,nps,negative,Relatório gerado em branco,2023-12-30,6,False
FB-00324,CUST-0244,support,suporte,neutral,Como recupero a fatura?,2024-04-14,,True
FB-00325,CUST-0245,bug,nps,negative,Login intermitente,2024-11-21,6,True
FB-00326,CUST_0246,support,formulario,neutral,Como faço para adicionar usuários?,2024-11-05,,False
FB-00327,CUST-0248,praise,nps,positive,Melhorou muito nos últimos meses,2024-12-13,8,True
FB-00328,CUST-0248,feature_request,suporte,neutral,Gostaríamos de exportar em PDF,2024-08-12,,False
FB-00329,CUST-0248,support,suporte,neutral,Posso mudar de plano?,2023-11-02,,
FB-00330,CUST-0248,praise,suporte,positive,Funcionalidade impecável,2024-10-03,,False
FB-00331,CUST-0249,praise,nps,positive,Melhorou muito nos últimos meses,2024-11-05,10,False
FB-00332,CUST-0249,complaint,nps,negative,Difícil de configurar,2023-01-25,2,True
FB-00333,CUST-0249,complaint,nps,negative,Tempo de resposta do suporte muito alto,2025-05-31,2,False
FB-00334,CUST-0249,bug,formulario,negative,Login intermitente,2024-06-02,,True
FB-00335,CUST_0251,bug,nps,negative,Integração com API retorna timeout,2024-10-02,2,False
FB-00336,CUST-0251,complaint,plataforma,negative,Difícil de configurar,2025-01-10,,False
FB-00337,CUST-0253,praise,suporte,positive,Funcionalidade impecável,2024-12-27,,False
FB-00338,CUST-0253,praise,email,positive,Equipe atenciosa,2024-10-12,,True
FB-00339,CUST_0253,bug,nps,negative,Login intermitente,2022-07-28,4,True
FB-00340,CUST-0254,support,nps,neutral,Posso mudar de plano?,2025-04-26,7,True
FB-00341,CUST-0255,support,email,neutral,Como recupero a fatura?,2025-03-25,,False
FB-00342,CUST-0255,bug,plataforma,negative,Integração com API retorna timeout,2025-04-22,,True
FB-00343,CUST-0256,feature_request,suporte,neutral,Falta integração com HubSpot,2025-02-12,,True
FB-00344,CUST-0256,support,plataforma,neutral,Como faço para adicionar usuários?,2024-02-15,,
FB-00345,CUST-0256,complaint,nps,negative,Difícil de configurar,2023-05-30,2,True
FB-00346,CUST-0257,praise,email,positive,Suporte muito rápido,2023-07-01,,
FB-00347,CUST-0258,praise,suporte,positive,Melhorou muito nos últimos meses,2025-02-25,,True
FB-00348,CUST-0258,support,suporte,neutral,Posso mudar de plano?,2025-03-18,,True
FB-00349,CUST_0258,praise,suporte,positive,Suporte muito rápido,2025-05-22,,True
FB-00350,CUST-0259,praise,plataforma,positive,Equipe atenciosa,2024-06-10,,True
FB-00351,CUST-0259,feature_request,suporte,neutral,Falta integração com HubSpot,2024-08-21,,False
FB-00352,CUST_0259,bug,suporte,negative,Relatório gerado em branco,2024-01-18,,True
FB-00353,CUST-0259,praise,suporte,positive,Equipe atenciosa,2024-02-19,,True
FB-00354,CUST-0261,praise,formulario,positive,Funcionalidade impecável,2024-06-29,,True
FB-00355,CUST-0261,complaint,formulario,negative,Difícil de configurar,2024-12-22,,True
FB-00356,CUST-0261,bug,plataforma,negative,Erro 500 ao acessar dashboard,2023-10-12,,False
FB-00357,CUST-0262,support,formulario,neutral,Como faço para adicionar usuários?,2024-12-01,,True
FB-00358,CUST-0264,support,formulario,neutral,Como faço para adicionar usuários?,2024-01-16,,True
FB-00359,CUST-0264,feature_request,suporte,neutral,SSO via Okta,2024-04-23,,False
FB-00360,CUST-0265,complaint,email,negative,Tempo de resposta do suporte muito alto,2025-04-07,,False
FB-00361,CUST_0266,support,plataforma,neutral,Como faço para adicionar usuários?,2025-02-11,,False
FB-00362,CUST-0266,support,suporte,neutral,Posso mudar de plano?,2024-06-12,,False
FB-00363,CUST-0266,praise,formulario,positive,Equipe atenciosa,2024-11-28,,False
FB-00364,CUST-0267,feature_request,formulario,neutral,SSO via Okta,2022-09-25,,True
FB-00365,CUST-0267,praise,suporte,positive,Equipe atenciosa,2023-08-03,,True
FB-00366,CUST-0267,complaint,email,negative,Tempo de resposta do suporte muito alto,2025-05-11,,False
FB-00367,CUST-0268,bug,suporte,negative,Login intermitente,2025-04-11,,True
FB-00368,CUST-0268,praise,plataforma,positive,Equipe atenciosa,2025-04-03,,False
FB-00369,CUST-0268,praise,suporte,positive,Plataforma excelente!,2025-01-25,,False
FB-00370,CUST_0269,bug,nps,negative,Login intermitente,2024-10-12,6,False
FB-00371,CUST-0269,praise,email,positive,Melhorou muito nos últimos meses,2024-01-17,,False
FB-00372,CUST-0270,complaint,suporte,negative,Faturamento incorreto,2024-12-30,,True
FB-00373,CUST-0270,support,formulario,neutral,Como recupero a fatura?,2025-03-28,,False
FB-00374,CUST-0271,bug,email,negative,Relatório gerado em branco,2024-11-06,,True
FB-00375,CUST-0271,praise,nps,positive,Equipe atenciosa,2025-03-04,9,True
FB-00376,CUST-0271,bug,formulario,negative,Erro 500 ao acessar dashboard,2025-04-30,,False
FB-00377,CUST-0271,praise,formulario,positive,Suporte muito rápido,2025-02-02,,True
FB-00378,CUST-0272,bug,suporte,negative,Erro 500 ao acessar dashboard,2023-12-19,,False
FB-00379,CUST-0272,bug,suporte,negative,Login intermitente,2022-11-30,,False
FB-00380,CUST-0273,support,suporte,neutral,Como recupero a fatura?,2023-06-21,,False
FB-00381,CUST-0273,praise,nps,positive,Funcionalidade impecável,2022-12-22,8,False
FB-00382,CUST-0274,support,formulario,neutral,Como faço para adicionar usuários?,2023-11-18,,True
FB-00383,CUST-0274,support,formulario,neutral,Como faço para adicionar usuários?,2023-11-18,,True
FB-00384,CUST-0274,feature_request,plataforma,neutral,Falta integração com HubSpot,2023-08-29,,True
FB-00385,CUST-0275,bug,email,negative,Login intermitente,2024-12-11,,True
FB-00386,CUST-0276,bug,nps,negative,Integração com API retorna timeout,2024-06-01,1,True
FB-00387,CUST-0276,praise,plataforma,positive,Suporte muito rápido,2023-08-07,,True
FB-00388,CUST-0276,support,plataforma,neutral,Como faço para adicionar usuários?,2023-11-14,,False
FB-00389,CUST-0276,support,plataforma,neutral,Como recupero a fatura?,2023-07-06,,True
FB-00390,CUST-0277,complaint,nps,negative,Difícil de configurar,2024-11-16,5,False
FB-00391,CUST-0277,feature_request,plataforma,neutral,Falta integração com HubSpot,2024-05-12,,True
FB-00392,CUST-0280,support,plataforma,neutral,Posso mudar de plano?,2024-10-02,,True
FB-00393,CUST_0281,praise,plataforma,positive,Suporte muito rápido,2024-07-02,,True
FB-00394,CUST-0281,praise,email,positive,Suporte muito rápido,2024-08-01,,True
FB-00395,CUST-0281,complaint,suporte,negative,Faturamento incorreto,2024-06-30,,True
FB-00396,CUST-0281,praise,nps,positive,Suporte muito rápido,2024-12-10,10,False
FB-00397,CUST-0282,praise,plataforma,positive,Plataforma excelente!,2024-09-20,,False
FB-00398,CUST-0282,praise,formulario,positive,Suporte muito rápido,2024-05-13,,
FB-00399,CUST-0282,bug,formulario,negative,Relatório gerado em branco,2023-09-20,,True
FB-00400,CUST-0282,feature_request,nps,neutral,SSO via Okta,2024-03-14,7,True
FB-00401,CUST-0283,bug,formulario,negative,Relatório gerado em branco,2024-10-22,,
FB-00402,CUST-0284,support,formulario,neutral,Como faço para adicionar usuários?,2025-01-09,,False
FB-00403,CUST-0284,praise,nps,positive,Melhorou muito nos últimos meses,2025-01-24,9,True
FB-00404,CUST-0285,feature_request,formulario,neutral,Seria ótimo ter alertas por email,2024-09-12,,False
FB-00405,CUST-0286,praise,email,positive,Melhorou muito nos últimos meses,2022-09-21,,
FB-00406,CUST-0286,praise,formulario,positive,Plataforma excelente!,2025-03-28,,False
FB-00407,CUST-0286,support,email,neutral,Como recupero a fatura?,2025-01-01,,True
FB-00408,CUST-0287,feature_request,plataforma,neutral,Seria ótimo ter alertas por email,2025-04-27,,False
FB-00409,CUST-0287,support,nps,neutral,Posso mudar de plano?,2023-02-06,6,True
FB-00410,CUST-0287,praise,plataforma,positive,Equipe atenciosa,2023-05-15,,False
FB-00411,CUST-0288,feature_request,nps,neutral,SSO via Okta,2023-08-16,6,True
FB-00412,CUST-0288,feature_request,email,neutral,Falta integração com HubSpot,2023-10-23,,False
FB-00413,CUST-0289,bug,plataforma,negative,Integração com API retorna timeout,2023-04-08,,False
FB-00414,CUST-0289,bug,formulario,negative,Integração com API retorna timeout,2024-12-20,,False
FB-00415,CUST-0289,bug,plataforma,negative,Relatório gerado em branco,2023-08-29,,True
FB-00416,CUST-0291,feature_request,nps,neutral,Falta integração com HubSpot,2023-09-14,6,
FB-00417,CUST-0292,complaint,plataforma,negative,Tempo de resposta do suporte muito alto,2025-05-18,,True
FB-00418,CUST-0292,praise,formulario,positive,Funcionalidade impecável,2023-12-11,,True
FB-00419,CUST-0292,support,suporte,neutral,Como faço para adicionar usuários?,2024-11-15,,False
FB-00420,CUST-0292,support,suporte,neutral,Como faço para adicionar usuários?,2024-11-15,,False
FB-00421,CUST-0293,praise,nps,positive,Equipe atenciosa,2024-12-27,8,True
FB-00422,CUST-0293,praise,plataforma,positive,Plataforma excelente!,2025-01-22,,False
FB-00423,CUST-0294,feature_request,formulario,neutral,Seria ótimo ter alertas por email,2024-08-09,,False
FB-00424,CUST-0294,feature_request,formulario,neutral,Seria ótimo ter alertas por email,2024-08-09,,False
FB-00425,CUST-0295,feature_request,plataforma,neutral,Seria ótimo ter alertas por email,2024-12-20,,True
FB-00426,CUST-0295,praise,formulario,positive,Plataforma excelente!,2025-02-06,,False
FB-00427,CUST-0295,feature_request,formulario,neutral,SSO via Okta,2022-11-13,,True
FB-00428,CUST-0297,support,formulario,neutral,Como faço para adicionar usuários?,2024-10-09,,True
FB-00429,CUST-0297,complaint,formulario,negative,Tempo de resposta do suporte muito alto,2024-06-03,,False
FB-00430,CUST-0297,complaint,nps,negative,Sem retorno do CSM,2024-06-16,4,False
FB-00431,CUST-0297,support,email,neutral,Como faço para adicionar usuários?,2024-01-27,,
FB-00432,CUST-0298,praise,plataforma,positive,Equipe atenciosa,2025-03-30,,True
FB-00433,CUST-0298,bug,nps,negative,Relatório gerado em branco,2025-04-06,3,True
FB-00434,CUST-0300,feature_request,formulario,neutral,Seria ótimo ter alertas por email,2025-01-31,,False
FB-00435,CUST-0300,feature_request,nps,neutral,Falta integração com HubSpot,2025-04-27,7,True
FB-00436,CUST-0301,praise,suporte,positive,Melhorou muito nos últimos meses,2023-05-13,,True
FB-00437,CUST-0301,praise,plataforma,positive,Melhorou muito nos últimos meses,2023-08-06,,True
FB-00438,CUST-0301,feature_request,formulario,neutral,Gostaríamos de exportar em PDF,2024-07-17,,True
FB-00439,CUST-0302,complaint,nps,negative,Tempo de resposta do suporte muito alto,2022-04-19,5,False
FB-00440,CUST-0302,feature_request,suporte,neutral,Falta integração com HubSpot,2022-08-08,,True
FB-00441,CUST_0302,praise,formulario,positive,Equipe atenciosa,2024-03-12,,True
FB-00442,CUST-0303,praise,plataforma,positive,Suporte muito rápido,2024-04-10,,True
FB-00443,CUST-0303,praise,plataforma,positive,Suporte muito rápido,2024-04-10,,True
FB-00444,CUST_0303,support,plataforma,neutral,Como recupero a fatura?,2024-09-12,,False
FB-00445,CUST-0305,complaint,formulario,negative,Sem retorno do CSM,2024-11-11,,False
FB-00446,CUST-0306,praise,formulario,positive,Suporte muito rápido,2025-05-28,,True
FB-00447,CUST-0307,praise,suporte,positive,Suporte muito rápido,2024-08-19,,True
FB-00448,CUST-0307,feature_request,nps,neutral,SSO via Okta,2024-10-04,6,False
FB-00449,CUST-0307,praise,formulario,positive,Plataforma excelente!,2025-04-26,,True
FB-00450,CUST-0308,complaint,formulario,negative,Faturamento incorreto,2025-01-18,,
FB-00451,CUST-0308,praise,suporte,positive,Melhorou muito nos últimos meses,2025-04-03,,
FB-00452,CUST-0308,praise,suporte,positive,Melhorou muito nos últimos meses,2025-05-02,,True
FB-00453,CUST-0309,support,plataforma,neutral,Como recupero a fatura?,2025-02-13,,
FB-00454,CUST-0309,praise,email,positive,Melhorou muito nos últimos meses,2024-08-17,,True
FB-00455,CUST-0309,bug,email,negative,Integração com API retorna timeout,2024-02-24,,False
FB-00456,CUST-0310,complaint,formulario,negative,Sem retorno do CSM,2024-04-27,,
FB-00457,CUST-0310,praise,nps,positive,Funcionalidade impecável,2024-02-05,9,True
FB-00458,CUST-0311,bug,email,negative,Login intermitente,2023-09-15,,
FB-00459,CUST-0311,bug,email,negative,Login intermitente,2023-09-15,,
FB-00460,CUST-0312,bug,suporte,negative,Relatório gerado em branco,2022-06-18,,True
FB-00461,CUST-0312,support,suporte,neutral,Como faço para adicionar usuários?,2024-01-14,,True
FB-00462,CUST-0312,bug,nps,negative,Login intermitente,2022-09-22,4,True
FB-00463,CUST-0313,complaint,email,negative,Sem retorno do CSM,2024-12-20,,True
FB-00464,CUST-0313,feature_request,email,neutral,Seria ótimo ter alertas por email,2024-10-23,,False
FB-00465,CUST-0313,bug,plataforma,negative,Integração com API retorna timeout,2024-07-20,,True
FB-00466,CUST-0315,support,formulario,neutral,Como faço para adicionar usuários?,2024-11-25,,True
FB-00467,CUST-0315,support,formulario,neutral,Como faço para adicionar usuários?,2025-01-27,,True
FB-00468,CUST-0315,praise,email,positive,Suporte muito rápido,2024-12-30,,
FB-00469,CUST-0316,feature_request,formulario,neutral,Falta integração com HubSpot,2025-02-12,,False
FB-00470,CUST-0316,complaint,plataforma,negative,Sem retorno do CSM,2024-12-12,,
FB-00471,CUST-0317,support,nps,neutral,Como faço para adicionar usuários?,2025-05-01,7,False
FB-00472,CUST-0317,praise,plataforma,positive,Plataforma excelente!,2025-05-06,,True
FB-00473,CUST-0318,complaint,plataforma,negative,Difícil de configurar,2024-02-12,,
FB-00474,CUST-0318,complaint,plataforma,negative,Sem retorno do CSM,2025-03-15,,
FB-00475,CUST-0319,support,nps,neutral,Como recupero a fatura?,2025-02-28,7,False
FB-00476,CUST-0320,praise,email,positive,Equipe atenciosa,2023-06-30,,False
FB-00477,CUST-0320,praise,suporte,positive,Melhorou muito nos últimos meses,2024-02-02,,True
FB-00478,CUST-0320,complaint,email,negative,Difícil de configurar,2023-11-12,,
FB-00479,CUST-0321,complaint,plataforma,negative,Tempo de resposta do suporte muito alto,2024-05-22,,True
FB-00480,CUST_0321,praise,email,positive,Plataforma excelente!,2023-02-16,,False
FB-00481,CUST_0322,praise,nps,positive,Melhorou muito nos últimos meses,2024-07-07,10,
FB-00482,CUST-0322,support,plataforma,neutral,Como faço para adicionar usuários?,2023-01-07,,
FB-00483,CUST-0322,praise,nps,positive,Suporte muito rápido,2023-05-11,8,False
FB-00484,CUST-0322,praise,formulario,positive,Equipe atenciosa,2025-02-05,,False
FB-00485,CUST_0323,praise,email,positive,Melhorou muito nos últimos meses,2025-01-25,,True
FB-00486,CUST-0323,support,email,neutral,Como faço para adicionar usuários?,2025-05-03,,
FB-00487,CUST-0323,praise,formulario,positive,Equipe atenciosa,2025-03-14,,True
FB-00488,CUST-0323,complaint,suporte,negative,Faturamento incorreto,2025-02-22,,True
FB-00489,CUST-0326,praise,plataforma,positive,Melhorou muito nos últimos meses,2023-09-29,,False
FB-00490,CUST-0326,praise,email,positive,Funcionalidade impecável,2023-09-04,,True
FB-00491,CUST-0326,feature_request,email,neutral,Gostaríamos de exportar em PDF,2024-05-21,,
FB-00492,CUST-0326,praise,nps,positive,Equipe atenciosa,2024-06-10,9,
FB-00493,CUST-0327,bug,nps,negative,Erro 500 ao acessar dashboard,2024-02-22,0,
FB-00494,CUST-0328,support,plataforma,neutral,Posso mudar de plano?,2024-03-01,,False
FB-00495,CUST-0328,bug,formulario,negative,Integração com API retorna timeout,2025-01-08,,True
FB-00496,CUST-0328,bug,nps,negative,Relatório gerado em branco,2025-01-24,5,
FB-00497,CUST-0329,bug,plataforma,negative,Erro 500 ao acessar dashboard,2023-08-06,,True
FB-00498,CUST-0329,support,formulario,neutral,Como faço para adicionar usuários?,2022-09-04,,False
FB-00499,CUST-0330,praise,email,positive,Plataforma excelente!,2025-01-28,,False
FB-00500,CUST-0331,feature_request,suporte,neutral,SSO via Okta,2024-05-19,,False
FB-00501,CUST-0331,praise,plataforma,positive,Suporte muito rápido,2024-06-10,,
FB-00502,CUST-0331,feature_request,formulario,neutral,SSO via Okta,2024-07-20,,True
FB-00503,CUST-0332,praise,plataforma,positive,Plataforma excelente!,2023-05-16,,True
FB-00504,CUST-0333,complaint,nps,negative,Difícil de configurar,2023-01-17,0,False
FB-00505,CUST-0334,support,nps,neutral,Como recupero a fatura?,2024-05-25,7,True
FB-00506,CUST-0334,praise,plataforma,positive,Suporte muito rápido,2025-01-19,,False
FB-00507,CUST-0334,praise,email,positive,Funcionalidade impecável,2024-02-04,,False
FB-00508,CUST-0335,support,formulario,neutral,Como faço para adicionar usuários?,2024-01-23,,False
FB-00509,CUST-0335,support,formulario,neutral,Como faço para adicionar usuários?,2024-01-23,,False
FB-00510,CUST-0335,complaint,formulario,negative,Tempo de resposta do suporte muito alto,2023-10-29,,False
FB-00511,CUST-0335,complaint,suporte,negative,Tempo de resposta do suporte muito alto,2023-12-19,,
FB-00512,CUST-0335,feature_request,suporte,neutral,Gostaríamos de exportar em PDF,2024-02-06,,False
FB-00513,CUST-0337,support,formulario,neutral,Como faço para adicionar usuários?,2024-12-28,,True
FB-00514,CUST-0337,complaint,formulario,negative,Faturamento incorreto,2025-02-04,,True
FB-00515,CUST-0338,support,email,neutral,Posso mudar de plano?,2025-01-22,,True
FB-00516,CUST-0338,support,email,neutral,Posso mudar de plano?,2025-01-22,,True
FB-00517,CUST-0338,complaint,nps,negative,Tempo de resposta do suporte muito alto,2025-05-04,5,
FB-00518,CUST-0338,complaint,nps,negative,Tempo de resposta do suporte muito alto,2025-05-04,5,
FB-00519,CUST-0338,praise,plataforma,positive,Equipe atenciosa,2024-07-21,,False
FB-00520,CUST-0339,support,suporte,neutral,Como recupero a fatura?,2024-05-29,,True
FB-00521,CUST-0339,praise,suporte,positive,Suporte muito rápido,2024-04-12,,False
FB-00522,CUST-0340,bug,formulario,negative,Erro 500 ao acessar dashboard,2023-10-26,,
FB-00523,CUST-0340,bug,plataforma,negative,Login intermitente,2023-03-11,,True
FB-00524,CUST-0340,feature_request,nps,neutral,SSO via Okta,2024-09-09,6,False
FB-00525,CUST-0341,feature_request,suporte,neutral,Seria ótimo ter alertas por email,2025-01-08,,False
FB-00526,CUST-0342,bug,formulario,negative,Erro 500 ao acessar dashboard,2024-04-06,,
FB-00527,CUST-0343,support,email,neutral,Como recupero a fatura?,2024-07-09,,True
FB-00528,CUST-0344,feature_request,formulario,neutral,Falta integração com HubSpot,2025-03-08,,True
FB-00529,CUST-0344,bug,nps,negative,Relatório gerado em branco,2023-12-30,6,False
FB-00530,CUST-0344,support,suporte,neutral,Como recupero a fatura?,2024-04-14,,True
FB-00531,CUST-0345,bug,nps,negative,Login intermitente,2024-11-21,6,True
FB-00532,CUST_0346,support,formulario,neutral,Como faço para adicionar usuários?,2024-11-05,,False
FB-00533,CUST-0348,praise,nps,positive,Melhorou muito nos últimos meses,2024-12-13,8,True
FB-00534,CUST-0348,feature_request,suporte,neutral,Gostaríamos de exportar em PDF,2024-08-12,,False
FB-00535,CUST-0348,support,suporte,neutral,Posso mudar de plano?,2023-11-02,,
FB-00536,CUST-0348,praise,suporte,positive,Funcionalidade impecável,2024-10-03,,False
FB-00537,CUST-0349,praise,nps,positive,Melhorou muito nos últimos meses,2024-11-05,10,False
FB-00538,CUST-0349,complaint,nps,negative,Difícil de configurar,2023-01-25,2,True
FB-00539,CUST-0349,complaint,nps,negative,Tempo de resposta do suporte muito alto,2025-05-31,2,False
FB-00540,CUST-0349,bug,formulario,negative,Login intermitente,2024-06-02,,True
FB-00541,CUST_0351,bug,nps,negative,Integração com API retorna timeout,2024-10-02,2,False
FB-00542,CUST-0351,complaint,plataforma,negative,Difícil de configurar,2025-01-10,,False
FB-00543,CUST-0353,praise,suporte,positive,Funcionalidade impecável,2024-12-27,,False
FB-00544,CUST-0353,praise,email,positive,Equipe atenciosa,2024-10-12,,True
FB-00545,CUST_0353,bug,nps,negative,Login intermitente,2022-07-28,4,True
FB-00546,CUST-0354,support,nps,neutral,Posso mudar de plano?,2025-04-26,7,True
FB-00547,CUST-0355,support,email,neutral,Como recupero a fatura?,2025-03-25,,False
FB-00548,CUST-0355,bug,plataforma,negative,Integração com API retorna timeout,2025-04-22,,True
FB-00549,CUST-0356,feature_request,suporte,neutral,Falta integração com HubSpot,2025-02-12,,True
FB-00550,CUST-0356,support,plataforma,neutral,Como faço para adicionar usuários?,2024-02-15,,
FB-00551,CUST-0356,complaint,nps,negative,Difícil de configurar,2023-05-30,2,True
FB-00552,CUST-0357,praise,email,positive,Suporte muito rápido,2023-07-01,,
FB-00553,CUST-0358,praise,suporte,positive,Melhorou muito nos últimos meses,2025-02-25,,True
FB-00554,CUST-0358,support,suporte,neutral,Posso mudar de plano?,2025-03-18,,True
FB-00555,CUST_0358,praise,suporte,positive,Suporte muito rápido,2025-05-22,,True
FB-00556,CUST-0359,praise,plataforma,positive,Equipe atenciosa,2024-06-10,,True
FB-00557,CUST-0359,feature_request,suporte,neutral,Falta integração com HubSpot,2024-08-21,,False
FB-00558,CUST_0359,bug,suporte,negative,Relatório gerado em branco,2024-01-18,,True
FB-00559,CUST-0359,praise,suporte,positive,Equipe atenciosa,2024-02-19,,True
FB-00560,CUST-0361,praise,formulario,positive,Funcionalidade impecável,2024-06-29,,True
FB-00561,CUST-0361,complaint,formulario,negative,Difícil de configurar,2024-12-22,,True
FB-00562,CUST-0361,bug,plataforma,negative,Erro 500 ao acessar dashboard,2023-10-12,,False
FB-00563,CUST-0362,support,formulario,neutral,Como faço para adicionar usuários?,2024-12-01,,True
FB-00564,CUST-0364,support,formulario,neutral,Como faço para adicionar usuários?,2024-01-16,,True
FB-00565,CUST-0364,feature_request,suporte,neutral,SSO via Okta,2024-04-23,,False
FB-00566,CUST-0365,complaint,email,negative,Tempo de resposta do suporte muito alto,2025-04-07,,False
FB-00567,CUST_0366,support,plataforma,neutral,Como faço para adicionar usuários?,2025-02-11,,False
FB-00568,CUST-0366,support,suporte,neutral,Posso mudar de plano?,2024-06-12,,False
FB-00569,CUST-0366,praise,formulario,positive,Equipe atenciosa,2024-11-28,,False
FB-00570,CUST-0367,feature_request,formulario,neutral,SSO via Okta,2022-09-25,,True
FB-00571,CUST-0367,praise,suporte,positive,Equipe atenciosa,2023-08-03,,True
FB-00572,CUST-0367,complaint,email,negative,Tempo de resposta do suporte muito alto,2025-05-11,,False
FB-00573,CUST-0368,bug,suporte,negative,Login intermitente,2025-04-11,,True
FB-00574,CUST-0368,praise,plataforma,positive,Equipe atenciosa,2025-04-03,,False
FB-00575,CUST-0368,praise,suporte,positive,Plataforma excelente!,2025-01-25,,False
FB-00576,CUST_0369,bug,nps,negative,Login intermitente,2024-10-12,6,False
FB-00577,CUST-0369,praise,email,positive,Melhorou muito nos últimos meses,2024-01-17,,False
FB-00578,CUST-0370,complaint,suporte,negative,Faturamento incorreto,2024-12-30,,True
FB-00579,CUST-0370,support,formulario,neutral,Como recupero a fatura?,2025-03-28,,False
FB-00580,CUST-0371,bug,email,negative,Relatório gerado em branco,2024-11-06,,True
FB-00581,CUST-0371,praise,nps,positive,Equipe atenciosa,2025-03-04,9,True
FB-00582,CUST-0371,bug,formulario,negative,Erro 500 ao acessar dashboard,2025-04-30,,False
FB-00583,CUST-0371,praise,formulario,positive,Suporte muito rápido,2025-02-02,,True
FB-00584,CUST-0372,bug,suporte,negative,Erro 500 ao acessar dashboard,2023-12-19,,False
FB-00585,CUST-0372,bug,suporte,negative,Login intermitente,2022-11-30,,False
FB-00586,CUST-0373,support,suporte,neutral,Como recupero a fatura?,2023-06-21,,False
FB-00587,CUST-0373,praise,nps,positive,Funcionalidade impecável,2022-12-22,8,False
FB-00588,CUST-0374,support,formulario,neutral,Como faço para adicionar usuários?,2023-11-18,,True
FB-00589,CUST-0374,support,formulario,neutral,Como faço para adicionar usuários?,2023-11-18,,True
FB-00590,CUST-0374,feature_request,plataforma,neutral,Falta integração com HubSpot,2023-08-29,,True
FB-00591,CUST-0375,bug,email,negative,Login intermitente,2024-12-11,,True
FB-00592,CUST-0376,bug,nps,negative,Integração com API retorna timeout,2024-06-01,1,True
FB-00593,CUST-0376,praise,plataforma,positive,Suporte muito rápido,2023-08-07,,True
FB-00594,CUST-0376,support,plataforma,neutral,Como faço para adicionar usuários?,2023-11-14,,False
FB-00595,CUST-0376,support,plataforma,neutral,Como recupero a fatura?,2023-07-06,,True
FB-00596,CUST-0377,complaint,nps,negative,Difícil de configurar,2024-11-16,5,False
FB-00597,CUST-0377,feature_request,plataforma,neutral,Falta integração com HubSpot,2024-05-12,,True
FB-00598,CUST-0380,support,plataforma,neutral,Posso mudar de plano?,2024-10-02,,True
FB-00599,CUST_0381,praise,plataforma,positive,Suporte muito rápido,2024-07-02,,True
FB-00600,CUST-0381,praise,email,positive,Suporte muito rápido,2024-08-01,,True
FB-00601,CUST-0381,complaint,suporte,negative,Faturamento incorreto,2024-06-30,,True
FB-00602,CUST-0381,praise,nps,positive,Suporte muito rápido,2024-12-10,10,False
FB-00603,CUST-0382,praise,plataforma,positive,Plataforma excelente!,2024-09-20,,False
FB-00604,CUST-0382,praise,formulario,positive,Suporte muito rápido,2024-05-13,,
FB-00605,CUST-0382,bug,formulario,negative,Relatório gerado em branco,2023-09-20,,True
FB-00606,CUST-0382,feature_request,nps,neutral,SSO via Okta,2024-03-14,7,True
FB-00607,CUST-0383,bug,formulario,negative,Relatório gerado em branco,2024-10-22,,
FB-00608,CUST-0384,support,formulario,neutral,Como faço para adicionar usuários?,2025-01-09,,False
FB-00609,CUST-0384,praise,nps,positive,Melhorou muito nos últimos meses,2025-01-24,9,True
FB-00610,CUST-0385,feature_request,formulario,neutral,Seria ótimo ter alertas por email,2024-09-12,,False
FB-00611,CUST-0386,praise,email,positive,Melhorou muito nos últimos meses,2022-09-21,,
FB-00612,CUST-0386,praise,formulario,positive,Plataforma excelente!,2025-03-28,,False
FB-00613,CUST-0386,support,email,neutral,Como recupero a fatura?,2025-01-01,,True
FB-00614,CUST-0387,feature_request,plataforma,neutral,Seria ótimo ter alertas por email,2025-04-27,,False
FB-00615,CUST-0387,support,nps,neutral,Posso mudar de plano?,2023-02-06,6,True
FB-00616,CUST-0387,praise,plataforma,positive,Equipe atenciosa,2023-05-15,,False
FB-00617,CUST-0388,feature_request,nps,neutral,SSO via Okta,2023-08-16,6,True
FB-00618,CUST-0388,feature_request,email,neutral,Falta integração com HubSpot,2023-10-23,,False
FB-00619,CUST-0389,bug,plataforma,negative,Integração com API retorna timeout,2023-04-08,,False
FB-00620,CUST-0389,bug,formulario,negative,Integração com API retorna timeout,2024-12-20,,False
FB-00621,CUST-0389,bug,plataforma,negative,Relatório gerado em branco,2023-08-29,,True
FB-00622,CUST-0391,feature_request,nps,neutral,Falta integração com HubSpot,2023-09-14,6,
FB-00623,CUST-0392,complaint,plataforma,negative,Tempo de resposta do suporte muito alto,2025-05-18,,True
FB-00624,CUST-0392,praise,formulario,positive,Funcionalidade impecável,2023-12-11,,True
FB-00625,CUST-0392,support,suporte,neutral,Como faço para adicionar usuários?,2024-11-15,,False
FB-00626,CUST-0392,support,suporte,neutral,Como faço para adicionar usuários?,2024-11-15,,False
FB-00627,CUST-0393,praise,nps,positive,Equipe atenciosa,2024-12-27,8,True
FB-00628,CUST-0393,praise,plataforma,positive,Plataforma excelente!,2025-01-22,,False
FB-00629,CUST-0394,feature_request,formulario,neutral,Seria ótimo ter alertas por email,2024-08-09,,False
FB-00630,CUST-0394,feature_request,formulario,neutral,Seria ótimo ter alertas por email,2024-08-09,,False
FB-00631,CUST-0395,feature_request,plataforma,neutral,Seria ótimo ter alertas por email,2024-12-20,,True
FB-00632,CUST-0395,praise,formulario,positive,Plataforma excelente!,2025-02-06,,False
FB-00633,CUST-0395,feature_request,formulario,neutral,SSO via Okta,2022-11-13,,True
FB-00634,CUST-0397,support,formulario,neutral,Como faço para adicionar usuários?,2024-10-09,,True
FB-00635,CUST-0397,complaint,formulario,negative,Tempo de resposta do suporte muito alto,2024-06-03,,False
FB-00636,CUST-0397,complaint,nps,negative,Sem retorno do CSM,2024-06-16,4,False
FB-00637,CUST-0397,support,email,neutral,Como faço para adicionar usuários?,2024-01-27,,
FB-00638,CUST-0398,praise,plataforma,positive,Equipe atenciosa,2025-03-30,,True
FB-00639,CUST-0398,bug,nps,negative,Relatório gerado em branco,2025-04-06,3,True
FB-00640,CUST-0400,feature_request,formulario,neutral,Seria ótimo ter alertas por email,2025-01-31,,False
FB-00641,CUST-0400,feature_request,nps,neutral,Falta integração com HubSpot,2025-04-27,7,True
